d,agent_energy0,pred_energy0,arm,speed,delta_deg,seed,outcome,event_time,censored_at_30s,steps_run,post_death_steps_run,min_separation,min_separation_time,time_chase,time_circle,time_edge_avoid,time_wander,time_sleep,time_ambiguous,time_unidentified,predicate_mismatches,decision_steps,eligible_circle_ticks,eligible_edge_avoid_ticks,nonzero_pivot_ticks,any_edge_ever_in_controller_obs,any_edge_ever_in_pred_obs,first_pred_perception_loss,first_sleep,first_wake_after_sleep,first_below_sprint_threshold,first_sprint_clamp,final_t,final_agent_energy,final_separation,final_pred_energy,pred_asleep_at_end,agent_energy_used,agent_move_cost,agent_turn_cost,pred_displacement_along_escape_from_own_start,pred_dist_from_ref_final,pred_energy_at_kill_pre,pred_energy_at_kill_post,pred_xy_at_kill,killed_agent_energy_pre_removal,post_death_snapshots,post_death_final_pred_xy,post_death_min_dist_to_ref,post_death_wake_events,post_death_sleep_events,runtime_sec,trajectory_digest_norng,trajectory_digest,validity
80,150,101,S10_D0,10.0,0.0,0,captured,1.4,False,14,100,10.0,1.4,1.3,0.1,0,0,0,0,0,0,14,1,0,0,False,False,not observed before death/horizon,not observed before death/horizon,not observed before death/horizon,not observed before death/horizon,not observed before death/horizon,1.4,,,200.0,False,,7.0,0.0,210.0,130.0,65.30000000000004,200.0,"[-130.0, 0.0]",141.60000000000008,"{""+1s"": {""pred_xy"": [-238.34245486399413, -15.75898799150491], ""pred_energy"": 194.44185839681748, ""pred_resting"": false, ""dist_to_ref"": 238.86287173420544}, ""+5s"": {""pred_xy"": [-609.005858549699, -241.71203047623385], ""pred_energy"": 172.1043359196038, ""pred_resting"": false, ""dist_to_ref"": 655.2196894361462}, ""+10s"": {""pred_xy"": [-1135.0337182055891, -327.92099573991163], ""pred_energy"": 144.17257128656223, ""pred_resting"": false, ""dist_to_ref"": 1181.4540705887216}}","[-1135.0337182055891, -327.92099573991163]",141.0,0,0,0.02796990005299449,69f01d94b8c8d77f,bb1a4bc97c698d18,valid
80,150,101,S10_D0,10.0,0.0,1,captured,1.4,False,14,100,10.0,1.4,1.3,0.1,0,0,0,0,0,0,14,1,0,0,False,False,not observed before death/horizon,not observed before death/horizon,not observed before death/horizon,not observed before death/horizon,not observed before death/horizon,1.4,,,200.0,False,,7.0,0.0,210.0,130.0,65.30000000000004,200.0,"[-130.0, 0.0]",141.60000000000008,"{""+1s"": {""pred_xy"": [-239.80053057708392, 4.673063878432913], ""pred_energy"": 194.4290345377026, ""pred_resting"": false, ""dist_to_ref"": 239.84605894419627}, ""+5s"": {""pred_xy"": [-670.9667289655163, 68.5699706039295], ""pred_energy"": 172.15567994586064, ""pred_resting"": false, ""dist_to_ref"": 674.4614090126346}, ""+10s"": {""pred_xy"": [-1211.4268156640828, 79.88469261814589], ""pred_energy"": 144.2423716051006, ""pred_resting"": false, ""dist_to_ref"": 1214.0578626345268}}","[-1211.4268156640828, 79.88469261814589]",141.0,0,0,0.029250799911096692,69f01d94b8c8d77f,582600a36b3a4b0f,valid
80,150,101,S10_D0,10.0,0.0,2,captured,1.4,False,14,100,10.0,1.4,1.3,0.1,0,0,0,0,0,0,14,1,0,0,False,False,not observed before death/horizon,not observed before death/horizon,not observed before death/horizon,not observed before death/horizon,not observed before death/horizon,1.4,,,200.0,False,,7.0,0.0,210.0,130.0,65.30000000000004,200.0,"[-130.0, 0.0]",141.60000000000008,"{""+1s"": {""pred_xy"": [-238.80183666132507, -13.372956404003162], ""pred_energy"": 194.41700950801516, ""pred_resting"": false, ""dist_to_ref"": 239.1759878328206}, ""+5s"": {""pred_xy"": [-675.1232058722262, -29.43043518452305], ""pred_energy"": 172.0951639496943, ""pred_resting"": false, ""dist_to_ref"": 675.7643772960681}, ""+10s"": {""pred_xy"": [-1209.5390129070374, 39.70753730542765], ""pred_energy"": 144.19815196033116, ""pred_resting"": false, ""dist_to_ref"": 1210.1906098887862}}","[-1209.5390129070374, 39.70753730542765]",141.0,0,0,0.0312809000024572,69f01d94b8c8d77f,06b3878b35d04606,valid
80,150,101,S10_D+15,10.0,15.0,0,captured,1.5,False,15,100,14.228971814015088,1.5,1.3,0.2,0,0,0,0,0,0,15,2,0,15,False,False,not observed before death/horizon,not observed before death/horizon,not observed before death/horizon,not observed before death/horizon,not observed before death/horizon,1.5,,,200.0,False,,7.5,0.11116907840377621,215.77132318363874,135.77135409936685,62.67569330667614,200.0,"[-135.77132318363874, 0.09162390288292954]",140.8888309215963,"{""+1s"": {""pred_xy"": [-244.86916465868399, 13.238733089414382], ""pred_energy"": 194.4293177807291, ""pred_resting"": false, ""dist_to_ref"": 245.22677638148417}, ""+5s"": {""pred_xy"": [-682.0055417567955, 21.9720967907906], ""pred_energy"": 172.1216235578595, ""pred_resting"": false, ""dist_to_ref"": 682.3593862653053}, ""+10s"": {""pred_xy"": [-1201.8976555355966, -93.89625436174356], ""pred_energy"": 144.28946544273063, ""pred_resting"": false, ""dist_to_ref"": 1205.5598205668307}}","[-1201.8976555355966, -93.89625436174356]",146.76540696665802,0,0,0.026968799997121096,5e49554fd70f2669,ce30975e27479d23,valid
80,150,101,S10_D+15,10.0,15.0,1,captured,1.5,False,15,100,14.228971814015088,1.5,1.3,0.2,0,0,0,0,0,0,15,2,0,15,False,False,not observed before death/horizon,not observed before death/horizon,not observed before death/horizon,not observed before death/horizon,not observed before death/horizon,1.5,,,200.0,False,,7.5,0.11116907840377621,215.77132318363874,135.77135409936685,62.67569330667614,200.0,"[-135.77132318363874, 0.09162390288292954]",140.8888309215963,"{""+1s"": {""pred_xy"": [-245.1849005577651, 9.994500517386768], ""pred_energy"": 194.41547800979998, ""pred_resting"": false, ""dist_to_ref"": 245.3885194994118}, ""+5s"": {""pred_xy"": [-676.6059664462446, 69.2906031216944], ""pred_energy"": 172.09618009199735, ""pred_resting"": false, ""dist_to_ref"": 680.1447063027285}, ""+10s"": {""pred_xy"": [-1158.4500466466325, 297.8731116321942], ""pred_energy"": 144.14963320494022, ""pred_resting"": false, ""dist_to_ref"": 1196.1333124735847}}","[-1158.4500466466325, 297.8731116321942]",146.76540696665802,0,0,0.026620199903845787,5e49554fd70f2669,524379ba5e5375bc,valid
80,150,101,S10_D+15,10.0,15.0,2,captured,1.5,False,15,100,14.228971814015088,1.5,1.3,0.2,0,0,0,0,0,0,15,2,0,15,False,False,not observed before death/horizon,not observed before death/horizon,not observed before death/horizon,not observed before death/horizon,not observed before death/horizon,1.5,,,200.0,False,,7.5,0.11116907840377621,215.77132318363874,135.77135409936685,62.67569330667614,200.0,"[-135.77132318363874, 0.09162390288292954]",140.8888309215963,"{""+1s"": {""pred_xy"": [-244.7235169212363, -7.286251803480809], ""pred_energy"": 194.41433889090223, ""pred_resting"": false, ""dist_to_ref"": 244.83196114813595}, ""+5s"": {""pred_xy"": [-657.398952744008, -155.84659671624922], ""pred_energy"": 172.09462420532066, ""pred_resting"": false, ""dist_to_ref"": 675.6193786274605}, ""+10s"": {""pred_xy"": [-1203.7512303479716, -160.6633317734022], ""pred_energy"": 144.24267121488927, ""pred_resting"": false, ""dist_to_ref"": 1214.4256793813222}}","[-1203.7512303479716, -160.6633317734022]",146.76540696665802,0,0,0.026934499968774617,5e49554fd70f2669,06c10f9e570da6eb,valid
80,150,101,S10_D-15,10.0,-15.0,0,captured,1.5,False,15,100,14.228971814015088,1.5,1.3,0.2,0,0,0,0,0,0,15,2,0,15,False,False,not observed before death/horizon,not observed before death/horizon,not observed before death/horizon,not observed before death/horizon,not observed before death/horizon,1.5,,,200.0,False,,7.5,0.11116907840377621,215.77132318363874,135.77135409936685,62.67569330667614,200.0,"[-135.77132318363874, -0.09162390288292954]",140.8888309215963,"{""+1s"": {""pred_xy"": [-245.52004961183775, 5.422226100959051], ""pred_energy"": 194.4293177807291, ""pred_resting"": false, ""dist_to_ref"": 245.57991631501383}, ""+5s"": {""pred_xy"": [-682.2025871693222, -16.322778299160746], ""pred_energy"": 172.1216235578595, ""pred_resting"": false, ""dist_to_ref"": 682.3978334021293}, ""+10s"": {""pred_xy"": [-1192.7582185760912, -168.13263307490342], ""pred_energy"": 144.28946544273063, ""pred_resting"": false, ""dist_to_ref"": 1204.55001983542}}","[-1192.7582185760912, -168.13263307490342]",146.76540696665802,0,0,0.02653710008598864,42bbbf0df82308d5,605abe47f32647df,valid
80,150,101,S10_D-15,10.0,-15.0,1,captured,1.5,False,15,100,14.228971814015088,1.5,1.3,0.2,0,0,0,0,0,0,15,2,0,15,False,False,not observed before death/horizon,not observed before death/horizon,not observed before death/horizon,not observed before death/horizon,not observed before death/horizon,1.5,,,200.0,False,,7.5,0.11116907840377621,215.77132318363874,135.77135409936685,62.67569330667614,200.0,"[-135.77132318363874, -0.09162390288292954]",140.8888309215963,"{""+1s"": {""pred_xy"": [-245.6089787742476, 2.163879013330188], ""pred_energy"": 194.41547800979998, ""pred_resting"": false, ""dist_to_ref"": 245.61851075786845}, ""+5s"": {""pred_xy"": [-680.1130148236316, 31.256945768278456], ""pred_energy"": 172.09618009199735, ""pred_resting"": false, ""dist_to_ref"": 680.8308964722814}, ""+10s"": {""pred_xy"": [-1176.7124284830943, 225.71183301512974], ""pred_energy"": 144.14963320494022, ""pred_resting"": false, ""dist_to_ref"": 1198.1644173107593}}","[-1176.7124284830943, 225.71183301512974]",146.76540696665802,0,0,0.05974580009933561,42bbbf0df82308d5,9a36b11e2293b4da,valid
80,150,101,S10_D-15,10.0,-15.0,2,captured,1.5,False,15,100,14.228971814015088,1.5,1.3,0.2,0,0,0,0,0,0,15,2,0,15,False,False,not observed before death/horizon,not observed before death/horizon,not observed before death/horizon,not observed before death/horizon,not observed before death/horizon,1.5,,,200.0,False,,7.5,0.11116907840377621,215.77132318363874,135.77135409936685,62.67569330667614,200.0,"[-135.77132318363874, -0.09162390288292954]",140.8888309215963,"{""+1s"": {""pred_xy"": [-243.94469313235004, -15.04273102285515], ""pred_energy"": 194.41433889090223, ""pred_resting"": false, ""dist_to_ref"": 244.40805441732562}, ""+5s"": {""pred_xy"": [-645.2664150692199, -191.99489098067625], ""pred_energy"": 172.09462420532066, ""pred_resting"": false, ""dist_to_ref"": 673.2241711190742}, ""+10s"": {""pred_xy"": [-1189.9553435408743, -234.8665993680679], ""pred_energy"": 144.24267121488927, ""pred_resting"": false, ""dist_to_ref"": 1212.9122141029832}}","[-1189.9553435408743, -234.8665993680679]",146.76540696665802,0,0,0.042915400001220405,42bbbf0df82308d5,5705cbfdbb9c423d,valid
80,150,101,S15_D0,15.0,0.0,0,captured,5.5,False,55,100,14.0,5.5,3.7,1.8,0,0,0,0,0,0,55,18,0,0,False,False,not observed before death/horizon,not observed before death/horizon,not observed before death/horizon,1.8,1.8,5.5,,,97.25000000000041,False,,70.0,0.0,701.0,621.0,22.750000000000096,97.25000000000041,"[-621.0, 0.0]",74.50000000000031,"{""+1s"": {""pred_xy"": [-729.7082205029301, 14.502342135259823], ""pred_energy"": 91.67088818374775, ""pred_resting"": false, ""dist_to_ref"": 729.85231725121}, ""+5s"": {""pred_xy"": [-1144.4616070694, 151.47731568693143], ""pred_energy"": 69.34295725939789, ""pred_resting"": false, ""dist_to_ref"": 1154.4426132223257}, ""+10s"": {""pred_xy"": [-1650.1319681709338, 358.21560171242345], ""pred_energy"": 41.41173819289872, ""pred_resting"": false, ""dist_to_ref"": 1688.5656426949688}}","[-1650.1319681709338, 358.21560171242345]",632.0,0,0,0.07611309993080795,66f9bdb66d40b28b,b4542658af300ecb,valid
80,150,101,S15_D0,15.0,0.0,1,captured,5.5,False,55,100,14.0,5.5,3.7,1.8,0,0,0,0,0,0,55,18,0,0,False,False,not observed before death/horizon,not observed before death/horizon,not observed before death/horizon,1.8,1.8,5.5,,,97.25000000000041,False,,70.0,0.0,701.0,621.0,22.750000000000096,97.25000000000041,"[-621.0, 0.0]",74.50000000000031,"{""+1s"": {""pred_xy"": [-730.6328863734825, 6.722289878866832], ""pred_energy"": 91.67520179625761, ""pred_resting"": false, ""dist_to_ref"": 730.6638104023366}, ""+5s"": {""pred_xy"": [-1167.489270590393, 37.78740678655686], ""pred_energy"": 69.32394544055836, ""pred_resting"": false, ""dist_to_ref"": 1168.1006313906953}, ""+10s"": {""pred_xy"": [-1715.8208010395983, 36.80813365485574], ""pred_energy"": 41.42633484992352, ""pred_resting"": false, ""dist_to_ref"": 1716.2155633787156}}","[-1715.8208010395983, 36.80813365485574]",632.0,0,0,0.09524330007843673,66f9bdb66d40b28b,072d874a334195d3,valid
80,150,101,S15_D0,15.0,0.0,2,captured,5.5,False,55,100,14.0,5.5,3.7,1.8,0,0,0,0,0,0,55,18,0,0,False,False,not observed before death/horizon,not observed before death/horizon,not observed before death/horizon,1.8,1.8,5.5,,,97.25000000000041,False,,70.0,0.0,701.0,621.0,22.750000000000096,97.25000000000041,"[-621.0, 0.0]",74.50000000000031,"{""+1s"": {""pred_xy"": [-728.5408510767193, 20.778613755818697], ""pred_energy"": 91.63554342772244, ""pred_resting"": false, ""dist_to_ref"": 728.8371028406855}, ""+5s"": {""pred_xy"": [-1097.4145057606675, 256.10788442588455], ""pred_energy"": 69.32244437437323, ""pred_resting"": false, ""dist_to_ref"": 1126.9027668432766}, ""+10s"": {""pred_xy"": [-1475.1073372527635, 650.6111718675947], ""pred_energy"": 41.424409193683594, ""pred_resting"": false, ""dist_to_ref"": 1612.214797530361}}","[-1475.1073372527635, 650.6111718675947]",632.0,0,0,0.07928099995478988,66f9bdb66d40b28b,bf220a07292908e3,valid
80,150,101,S15_D+15,15.0,15.0,0,energy_death,17.9,False,179,100,15.174042312170261,9.6,5.2,4.4,0,4.9,3.4,0,0,0,145,44,0,96,False,False,13.1,9.6,13.1,1.8,1.8,17.9,,,74.50579043281756,False,,132.0,0.32444742221926504,1637.629942270849,1560.2104694617663,,,,,"{""+1s"": {""pred_xy"": [-1664.3849613671027, 114.41219815014574], ""pred_energy"": 68.93158312135128, ""pred_resting"": false, ""dist_to_ref"": 1668.3127556637935}, ""+5s"": {""pred_xy"": [-2077.9258241249054, 220.46608496626504], ""pred_energy"": 46.54532650237405, ""pred_resting"": false, ""dist_to_ref"": 2089.5887215396046}, ""+10s"": {""pred_xy"": [-2506.4253235445003, 560.2335941433175], ""pred_energy"": 18.655613059355723, ""pred_resting"": false, ""dist_to_ref"": 2568.2736580263195}}","[-2506.4253235445003, 560.2335941433175]",1571.2103425663995,0,0,0.14135480008553714,f807fac5e9a58692,cf5fc5951371a56a,valid
80,150,101,S15_D+15,15.0,15.0,1,energy_death,17.9,False,179,100,15.174042312170261,9.6,5.2,4.4,0,4.9,3.4,0,0,0,145,44,0,96,False,False,13.1,9.6,13.1,1.8,1.8,17.9,,,74.5415899227482,False,,132.0,0.32444742221926504,1643.883488310612,1565.017919559127,,,,,"{""+1s"": {""pred_xy"": [-1673.2932552140473, 50.94950696634896], ""pred_energy"": 68.9617742349027, ""pred_resting"": false, ""dist_to_ref"": 1674.0687471561425}, ""+5s"": {""pred_xy"": [-2093.48849273666, -69.60100625109044], ""pred_energy"": 46.65200822118977, ""pred_resting"": false, ""dist_to_ref"": 2094.6451654855477}, ""+10s"": {""pred_xy"": [-2566.6638784202805, -332.0085454451046], ""pred_energy"": 18.7074198561074, ""pred_resting"": false, ""dist_to_ref"": 2588.0481330601274}}","[-2566.6638784202805, -332.0085454451046]",1576.0172602693651,0,0,0.14089100004639477,4b9f89593debc2ee,62bac0c7ff8e7b9b,valid
80,150,101,S15_D+15,15.0,15.0,2,energy_death,17.9,False,179,100,15.174042312170261,9.6,5.2,4.4,0,4.9,3.4,0,0,0,145,44,0,96,False,False,13.1,9.6,13.1,1.8,1.8,17.9,,,74.54614963830826,False,,132.0,0.32444742221926504,1632.1693340655465,1556.538818171202,,,,,"{""+1s"": {""pred_xy"": [-1656.3884220486852, 151.28711547493094], ""pred_energy"": 68.9616226918784, ""pred_resting"": false, ""dist_to_ref"": 1663.283017410344}, ""+5s"": {""pred_xy"": [-2073.0485321611513, 278.35911190532534], ""pred_energy"": 46.623784737469464, ""pred_resting"": false, ""dist_to_ref"": 2091.653415811574}, ""+10s"": {""pred_xy"": [-2563.890454477163, 515.982981581883], ""pred_energy"": 18.73133516543951, ""pred_resting"": false, ""dist_to_ref"": 2615.2959105694413}}","[-2563.890454477163, 515.982981581883]",1567.2675894429526,0,0,0.13474060001317412,cf3fbc1795d62d0c,36b6e81cd2f7fdbb,valid
80,150,101,S15_D-15,15.0,-15.0,0,energy_death,17.9,False,179,100,15.174042312170261,9.6,5.2,4.4,0,4.9,3.4,0,0,0,145,44,0,96,False,False,13.1,9.6,13.1,1.8,1.8,17.9,,,74.50579043281756,False,,132.0,0.32444742221926504,1641.9822160476388,1563.0805718682072,,,,,"{""+1s"": {""pred_xy"": [-1670.0029950882008, 76.99763635326781], ""pred_energy"": 68.93158312135128, ""pred_resting"": false, ""dist_to_ref"": 1671.7770902867258}, ""+5s"": {""pred_xy"": [-2089.0521414856266, 158.6143318442073], ""pred_energy"": 46.54532650237405, ""pred_resting"": false, ""dist_to_ref"": 2095.06500045036}, ""+10s"": {""pred_xy"": [-2536.741733578484, 472.66498130533546], ""pred_energy"": 18.655613059355723, ""pred_resting"": false, ""dist_to_ref"": 2580.401288061829}}","[-2536.741733578484, 472.66498130533546]",1574.0702516212837,0,0,0.13747940002940595,cdb4a0a45976b745,f5c9b9ba1fc01a2f,valid
80,150,101,S15_D-15,15.0,-15.0,1,energy_death,17.9,False,179,100,15.174042312170261,9.6,5.2,4.4,0,4.9,3.4,0,0,0,145,44,0,96,False,False,13.1,9.6,13.1,1.8,1.8,17.9,,,74.5415899227482,False,,132.0,0.32444742221926504,1646.458438123831,1566.7113922341828,,,,,"{""+1s"": {""pred_xy"": [-1675.1737974091157, 13.121712290198957], ""pred_energy"": 68.9617742349027, ""pred_resting"": false, ""dist_to_ref"": 1675.2251881044242}, ""+5s"": {""pred_xy"": [-2087.5752673335674, -131.8661888527149], ""pred_energy"": 46.65200822118977, ""pred_resting"": false, ""dist_to_ref"": 2091.735927058039}, ""+10s"": {""pred_xy"": [-2544.5456125687924, -421.57425884438544], ""pred_energy"": 18.7074198561074, ""pred_resting"": false, ""dist_to_ref"": 2579.231907014816}}","[-2544.5456125687924, -421.57425884438544]",1577.6979778481116,0,0,0.13856130000203848,a585fafc29a38ca0,d6aee18e5169bc9a,valid
80,150,101,S15_D-15,15.0,-15.0,2,energy_death,17.9,False,179,100,15.174042312170261,9.6,5.2,4.4,0,4.9,3.4,0,0,0,145,44,0,96,False,False,13.1,9.6,13.1,1.8,1.8,17.9,,,74.54614963830826,False,,132.0,0.32444742221926504,1638.105812956952,1560.461523809992,,,,,"{""+1s"": {""pred_xy"": [-1664.182975719783, 114.2780808695552], ""pred_energy"": 68.9616226918784, ""pred_resting"": false, ""dist_to_ref"": 1668.1020521667074}, ""+5s"": {""pred_xy"": [-2087.5787349485645, 216.69375692954054], ""pred_energy"": 46.623784737469464, ""pred_resting"": false, ""dist_to_ref"": 2098.795168400596}, ""+10s"": {""pred_xy"": [-2591.5125939049494, 425.12015146791964], ""pred_energy"": 18.73133516543951, ""pred_resting"": false, ""dist_to_ref"": 2626.1501608918074}}","[-2591.5125939049494, 425.12015146791964]",1571.2759026937804,0,0,0.148676999961026,a172980c5171847f,601f91f59ec9d6fa,valid
80,150,101,S20_D0,20.0,0.0,0,captured,6.0,False,60,100,14.0,6.0,4.1,1.9,0,0,0,0,0,0,60,19,0,0,False,False,not observed before death/horizon,not observed before death/horizon,not observed before death/horizon,1.0,1.0,6.0,,,89.00000000000043,False,,75.0,0.0,756.0,676.0,20.000000000000092,89.00000000000043,"[-676.0, 0.0]",69.00000000000034,"{""+1s"": {""pred_xy"": [-785.1394785400535, 11.375895404194125], ""pred_energy"": 83.40384595548743, ""pred_resting"": false, ""dist_to_ref"": 785.2218869583261}, ""+5s"": {""pred_xy"": [-1217.0060784504722, 58.69068004731889], ""pred_energy"": 61.12433937695583, ""pred_resting"": false, ""dist_to_ref"": 1218.4204491512007}, ""+10s"": {""pred_xy"": [-1733.5399412803154, -116.9220182430654], ""pred_energy"": 33.29540070973198, ""pred_resting"": false, ""dist_to_ref"": 1737.478485151454}}","[-1733.5399412803154, -116.9220182430654]",687.0,0,0,0.0874329999787733,972e44d5b549f598,5eda952515487e71,valid
80,150,101,S20_D0,20.0,0.0,1,captured,6.0,False,60,100,14.0,6.0,4.1,1.9,0,0,0,0,0,0,60,19,0,0,False,False,not observed before death/horizon,not observed before death/horizon,not observed before death/horizon,1.0,1.0,6.0,,,89.00000000000043,False,,75.0,0.0,756.0,676.0,20.000000000000092,89.00000000000043,"[-676.0, 0.0]",69.00000000000034,"{""+1s"": {""pred_xy"": [-781.4833046178655, 24.768361655987974], ""pred_energy"": 83.405392421518, ""pred_resting"": false, ""dist_to_ref"": 781.8757107978105}, ""+5s"": {""pred_xy"": [-1186.4831334821647, 190.82615882875234], ""pred_energy"": 61.04917135258153, ""pred_resting"": false, ""dist_to_ref"": 1201.7307722326962}, ""+10s"": {""pred_xy"": [-1492.4883822475076, 641.8139283360433], ""pred_energy"": 33.106617408332134, ""pred_resting"": false, ""dist_to_ref"": 1624.6374025455423}}","[-1492.4883822475076, 641.8139283360433]",687.0,0,0,0.08951700001489371,972e44d5b549f598,36787c99efa73cc9,valid
80,150,101,S20_D0,20.0,0.0,2,captured,6.0,False,60,100,14.0,6.0,4.1,1.9,0,0,0,0,0,0,60,19,0,0,False,False,not observed before death/horizon,not observed before death/horizon,not observed before death/horizon,1.0,1.0,6.0,,,89.00000000000043,False,,75.0,0.0,756.0,676.0,20.000000000000092,89.00000000000043,"[-676.0, 0.0]",69.00000000000034,"{""+1s"": {""pred_xy"": [-785.8456308559626, -0.8749641526283085], ""pred_energy"": 83.44067473817745, ""pred_resting"": false, ""dist_to_ref"": 785.8461179503746}, ""+5s"": {""pred_xy"": [-1194.9064077387548, 138.57867290970717], ""pred_energy"": 61.141870051068686, ""pred_resting"": false, ""dist_to_ref"": 1202.9153635399919}, ""+10s"": {""pred_xy"": [-1734.0608170098403, 190.64771633265445], ""pred_energy"": 33.30099102403315, ""pred_resting"": false, ""dist_to_ref"": 1744.5095209919868}}","[-1734.0608170098403, 190.64771633265445]",687.0,0,0,0.07372049998957664,972e44d5b549f598,e648b4f76bc6ad9c,valid
80,150,101,S20_D+15,20.0,15.0,0,energy_death,17.5,False,175,100,24.704163827749962,9.6,4.2,5.4,0,4.5,3.4,0,0,0,141,54,0,96,False,False,13.1,9.6,13.1,1.0,1.0,17.5,,,76.74182566998118,False,,132.5,0.32538602385658066,1589.3328028780716,1512.1017015632656,,,,,"{""+1s"": {""pred_xy"": [-1617.8878589558853, 100.79151358638592], ""pred_energy"": 71.14041957546041, ""pred_resting"": false, ""dist_to_ref"": 1621.0243839522875}, ""+5s"": {""pred_xy"": [-2038.3901059566133, 192.78000596831407], ""pred_energy"": 48.78581681242724, ""pred_resting"": false, ""dist_to_ref"": 2047.4858619201639}, ""+10s"": {""pred_xy"": [-2476.691504842044, 522.4866669910207], ""pred_energy"": 20.88272283974508, ""pred_resting"": false, ""dist_to_ref"": 2531.2038889311416}}","[-2476.691504842044, 522.4866669910207]",1523.0197712608124,0,0,0.15189920004922897,4cfa1d518708e8f5,a4848b6a67735e76,valid
80,150,101,S20_D+15,20.0,15.0,1,energy_death,17.5,False,175,100,24.704163827749962,9.6,4.2,5.4,0,4.5,3.4,0,0,0,141,54,0,96,False,False,13.1,9.6,13.1,1.0,1.0,17.5,,,76.76737823910821,False,,132.5,0.32538602385658066,1595.6132423193112,1516.6240286971781,,,,,"{""+1s"": {""pred_xy"": [-1624.9778015093943, 52.768115522095286], ""pred_energy"": 71.19703993688704, ""pred_resting"": false, ""dist_to_ref"": 1625.8343487004013}, ""+5s"": {""pred_xy"": [-2051.1836539665383, -48.63719301236233], ""pred_energy"": 48.8763163550406, ""pred_resting"": false, ""dist_to_ref"": 2051.760209879225}, ""+10s"": {""pred_xy"": [-2518.2761280773148, -327.0441920639223], ""pred_energy"": 20.94091074454495, ""pred_resting"": false, ""dist_to_ref"": 2539.4236670565265}}","[-2518.2761280773148, -327.0441920639223]",1527.6119625742162,0,0,0.14918380009476095,22199acd9ad48f23,c96b98772556a6ed,valid
80,150,101,S20_D+15,20.0,15.0,2,energy_death,17.5,False,175,100,24.704163827749962,9.6,4.2,5.4,0,4.5,3.4,0,0,0,141,54,0,96,False,False,13.1,9.6,13.1,1.0,1.0,17.5,,,76.76906865193911,False,,132.5,0.32538602385658066,1586.4287399532423,1509.8054771760542,,,,,"{""+1s"": {""pred_xy"": [-1610.5125513412095, 135.992673840693], ""pred_energy"": 71.19043966672724, ""pred_resting"": false, ""dist_to_ref"": 1616.2440055158481}, ""+5s"": {""pred_xy"": [-2030.6435224977913, 255.2217409164423], ""pred_energy"": 48.85603684685015, ""pred_resting"": false, ""dist_to_ref"": 2046.6194693930422}, ""+10s"": {""pred_xy"": [-2523.0767556937735, 489.92696550094115], ""pred_energy"": 20.95504033514312, ""pred_resting"": false, ""dist_to_ref"": 2570.203250065484}}","[-2523.0767556937735, 489.92696550094115]",1520.269952773314,0,0,0.14110729994717985,8570199453362c5a,1238580679a93ace,valid
80,150,101,S20_D-15,20.0,-15.0,0,energy_death,17.5,False,175,100,24.704163827749053,9.6,4.2,5.4,0,4.5,3.4,0,0,0,141,54,0,96,False,False,13.1,9.6,13.1,1.0,1.0,17.5,,,76.74182566998117,False,,132.5,0.32538602385658777,1593.66158567801,1515.033700459596,,,,,"{""+1s"": {""pred_xy"": [-1622.5668163180753, 67.75338430048214], ""pred_energy"": 71.1404195754604, ""pred_resting"": false, ""dist_to_ref"": 1623.9807863705603}, ""+5s"": {""pred_xy"": [-2047.524860604025, 136.27114156106109], ""pred_energy"": 48.78581681242723, ""pred_resting"": false, ""dist_to_ref"": 2052.0545506428152}, ""+10s"": {""pred_xy"": [-2503.4430182606475, 441.1534665762374], ""pred_energy"": 20.882722839745067, ""pred_resting"": false, ""dist_to_ref"": 2542.0156031681263}}","[-2503.4430182606475, 441.1534665762374]",1525.8940098246462,0,0,0.17555629997514188,739cec2867f853dd,17d3a88194379215,valid
80,150,101,S20_D-15,20.0,-15.0,1,energy_death,17.5,False,175,100,24.704163827749053,9.6,4.2,5.4,0,4.5,3.4,0,0,0,141,54,0,96,False,False,13.1,9.6,13.1,1.0,1.0,17.5,,,76.7673782391082,False,,132.5,0.32538602385658777,1597.9293286210968,1518.1888065121102,,,,,"{""+1s"": {""pred_xy"": [-1626.9815474878715, 19.410606186766927], ""pred_energy"": 71.19703993688702, ""pred_resting"": false, ""dist_to_ref"": 1627.0973319069044}, ""+5s"": {""pred_xy"": [-2046.9051112134312, -105.48401297561486], ""pred_energy"": 48.876316355040586, ""pred_resting"": false, ""dist_to_ref"": 2049.6212848487667}, ""+10s"": {""pred_xy"": [-2497.832442014107, -409.3760642517327], ""pred_energy"": 20.940910744544937, ""pred_resting"": false, ""dist_to_ref"": 2531.156982559635}}","[-2497.832442014107, -409.3760642517327]",1529.188310861544,0,0,0.19538109994027764,68f12889f59db8f2,6fd1aa49e18adb8b,valid
80,150,101,S20_D-15,20.0,-15.0,2,energy_death,17.5,False,175,100,24.704163827749053,9.6,4.2,5.4,0,4.5,3.4,0,0,0,141,54,0,96,False,False,13.1,9.6,13.1,1.0,1.0,17.5,,,76.7690686519391,False,,132.5,0.32538602385658777,1591.2865396903862,1513.1003968906564,,,,,"{""+1s"": {""pred_xy"": [-1617.1557941998317, 103.30950452325487], ""pred_energy"": 71.19043966672723, ""pred_resting"": false, ""dist_to_ref"": 1620.4523184712746}, ""+5s"": {""pred_xy"": [-2043.2544152823648, 199.04647999401277], ""pred_energy"": 48.85603684685014, ""pred_resting"": false, ""dist_to_ref"": 2052.9267173401213}, ""+10s"": {""pred_xy"": [-2547.9504481256445, 406.07050284005345], ""pred_energy"": 20.955040335143106, ""pred_resting"": false, ""dist_to_ref"": 2580.1055674875875}}","[-2547.9504481256445, 406.07050284005345]",1523.6844787567659,0,0,0.2155365999788046,62e42adc25f9562d,7c275ece0cf5f981,valid
80,150,200,S10_D0,10.0,0.0,0,captured,1.4,False,14,100,10.0,1.4,1.3,0.1,0,0,0,0,0,0,14,1,0,0,False,False,not observed before death/horizon,not observed before death/horizon,not observed before death/horizon,not observed before death/horizon,not observed before death/horizon,1.4,,,200.0,False,,7.0,0.0,210.0,130.0,164.29999999999984,200.0,"[-130.0, 0.0]",141.60000000000008,"{""+1s"": {""pred_xy"": [-238.34245486399413, -15.75898799150491], ""pred_energy"": 194.44185839681748, ""pred_resting"": false, ""dist_to_ref"": 238.86287173420544}, ""+5s"": {""pred_xy"": [-609.005858549699, -241.71203047623385], ""pred_energy"": 172.1043359196038, ""pred_resting"": false, ""dist_to_ref"": 655.2196894361462}, ""+10s"": {""pred_xy"": [-1135.0337182055891, -327.92099573991163], ""pred_energy"": 144.17257128656223, ""pred_resting"": false, ""dist_to_ref"": 1181.4540705887216}}","[-1135.0337182055891, -327.92099573991163]",141.0,0,0,0.03359200002159923,a61e1f1e569902c5,8dd6c7f8f56ebe62,valid
80,150,200,S10_D0,10.0,0.0,1,captured,1.4,False,14,100,10.0,1.4,1.3,0.1,0,0,0,0,0,0,14,1,0,0,False,False,not observed before death/horizon,not observed before death/horizon,not observed before death/horizon,not observed before death/horizon,not observed before death/horizon,1.4,,,200.0,False,,7.0,0.0,210.0,130.0,164.29999999999984,200.0,"[-130.0, 0.0]",141.60000000000008,"{""+1s"": {""pred_xy"": [-239.80053057708392, 4.673063878432913], ""pred_energy"": 194.4290345377026, ""pred_resting"": false, ""dist_to_ref"": 239.84605894419627}, ""+5s"": {""pred_xy"": [-670.9667289655163, 68.5699706039295], ""pred_energy"": 172.15567994586064, ""pred_resting"": false, ""dist_to_ref"": 674.4614090126346}, ""+10s"": {""pred_xy"": [-1211.4268156640828, 79.88469261814589], ""pred_energy"": 144.2423716051006, ""pred_resting"": false, ""dist_to_ref"": 1214.0578626345268}}","[-1211.4268156640828, 79.88469261814589]",141.0,0,0,0.027119799982756376,a61e1f1e569902c5,61dbd610216bd4e7,valid
80,150,200,S10_D0,10.0,0.0,2,captured,1.4,False,14,100,10.0,1.4,1.3,0.1,0,0,0,0,0,0,14,1,0,0,False,False,not observed before death/horizon,not observed before death/horizon,not observed before death/horizon,not observed before death/horizon,not observed before death/horizon,1.4,,,200.0,False,,7.0,0.0,210.0,130.0,164.29999999999984,200.0,"[-130.0, 0.0]",141.60000000000008,"{""+1s"": {""pred_xy"": [-238.80183666132507, -13.372956404003162], ""pred_energy"": 194.41700950801516, ""pred_resting"": false, ""dist_to_ref"": 239.1759878328206}, ""+5s"": {""pred_xy"": [-675.1232058722262, -29.43043518452305], ""pred_energy"": 172.0951639496943, ""pred_resting"": false, ""dist_to_ref"": 675.7643772960681}, ""+10s"": {""pred_xy"": [-1209.5390129070374, 39.70753730542765], ""pred_energy"": 144.19815196033116, ""pred_resting"": false, ""dist_to_ref"": 1210.1906098887862}}","[-1209.5390129070374, 39.70753730542765]",141.0,0,0,0.027105099987238646,a61e1f1e569902c5,f8f2bcf8ef128bfa,valid
80,150,200,S10_D+15,10.0,15.0,0,captured,1.5,False,15,100,14.228971814015088,1.5,1.3,0.2,0,0,0,0,0,0,15,2,0,15,False,False,not observed before death/horizon,not observed before death/horizon,not observed before death/horizon,not observed before death/horizon,not observed before death/horizon,1.5,,,200.0,False,,7.5,0.11116907840377621,215.77132318363874,135.77135409936685,161.6756933066759,200.0,"[-135.77132318363874, 0.09162390288292954]",140.8888309215963,"{""+1s"": {""pred_xy"": [-244.86916465868399, 13.238733089414382], ""pred_energy"": 194.4293177807291, ""pred_resting"": false, ""dist_to_ref"": 245.22677638148417}, ""+5s"": {""pred_xy"": [-682.0055417567955, 21.9720967907906], ""pred_energy"": 172.1216235578595, ""pred_resting"": false, ""dist_to_ref"": 682.3593862653053}, ""+10s"": {""pred_xy"": [-1201.8976555355966, -93.89625436174356], ""pred_energy"": 144.28946544273063, ""pred_resting"": false, ""dist_to_ref"": 1205.5598205668307}}","[-1201.8976555355966, -93.89625436174356]",146.76540696665802,0,0,0.04148030001670122,249eea3c3261ea18,8274fd58dfcbb739,valid
80,150,200,S10_D+15,10.0,15.0,1,captured,1.5,False,15,100,14.228971814015088,1.5,1.3,0.2,0,0,0,0,0,0,15,2,0,15,False,False,not observed before death/horizon,not observed before death/horizon,not observed before death/horizon,not observed before death/horizon,not observed before death/horizon,1.5,,,200.0,False,,7.5,0.11116907840377621,215.77132318363874,135.77135409936685,161.6756933066759,200.0,"[-135.77132318363874, 0.09162390288292954]",140.8888309215963,"{""+1s"": {""pred_xy"": [-245.1849005577651, 9.994500517386768], ""pred_energy"": 194.41547800979998, ""pred_resting"": false, ""dist_to_ref"": 245.3885194994118}, ""+5s"": {""pred_xy"": [-676.6059664462446, 69.2906031216944], ""pred_energy"": 172.09618009199735, ""pred_resting"": false, ""dist_to_ref"": 680.1447063027285}, ""+10s"": {""pred_xy"": [-1158.4500466466325, 297.8731116321942], ""pred_energy"": 144.14963320494022, ""pred_resting"": false, ""dist_to_ref"": 1196.1333124735847}}","[-1158.4500466466325, 297.8731116321942]",146.76540696665802,0,0,0.04016350000165403,249eea3c3261ea18,bbc76e34d5340ded,valid
80,150,200,S10_D+15,10.0,15.0,2,captured,1.5,False,15,100,14.228971814015088,1.5,1.3,0.2,0,0,0,0,0,0,15,2,0,15,False,False,not observed before death/horizon,not observed before death/horizon,not observed before death/horizon,not observed before death/horizon,not observed before death/horizon,1.5,,,200.0,False,,7.5,0.11116907840377621,215.77132318363874,135.77135409936685,161.6756933066759,200.0,"[-135.77132318363874, 0.09162390288292954]",140.8888309215963,"{""+1s"": {""pred_xy"": [-244.7235169212363, -7.286251803480809], ""pred_energy"": 194.41433889090223, ""pred_resting"": false, ""dist_to_ref"": 244.83196114813595}, ""+5s"": {""pred_xy"": [-657.398952744008, -155.84659671624922], ""pred_energy"": 172.09462420532066, ""pred_resting"": false, ""dist_to_ref"": 675.6193786274605}, ""+10s"": {""pred_xy"": [-1203.7512303479716, -160.6633317734022], ""pred_energy"": 144.24267121488927, ""pred_resting"": false, ""dist_to_ref"": 1214.4256793813222}}","[-1203.7512303479716, -160.6633317734022]",146.76540696665802,0,0,0.03457160003017634,249eea3c3261ea18,f502e1a7cb54b395,valid
80,150,200,S10_D-15,10.0,-15.0,0,captured,1.5,False,15,100,14.228971814015088,1.5,1.3,0.2,0,0,0,0,0,0,15,2,0,15,False,False,not observed before death/horizon,not observed before death/horizon,not observed before death/horizon,not observed before death/horizon,not observed before death/horizon,1.5,,,200.0,False,,7.5,0.11116907840377621,215.77132318363874,135.77135409936685,161.6756933066759,200.0,"[-135.77132318363874, -0.09162390288292954]",140.8888309215963,"{""+1s"": {""pred_xy"": [-245.52004961183775, 5.422226100959051], ""pred_energy"": 194.4293177807291, ""pred_resting"": false, ""dist_to_ref"": 245.57991631501383}, ""+5s"": {""pred_xy"": [-682.2025871693222, -16.322778299160746], ""pred_energy"": 172.1216235578595, ""pred_resting"": false, ""dist_to_ref"": 682.3978334021293}, ""+10s"": {""pred_xy"": [-1192.7582185760912, -168.13263307490342], ""pred_energy"": 144.28946544273063, ""pred_resting"": false, ""dist_to_ref"": 1204.55001983542}}","[-1192.7582185760912, -168.13263307490342]",146.76540696665802,0,0,0.0440490999026224,950da7606662e242,495cff66aefc2d05,valid
80,150,200,S10_D-15,10.0,-15.0,1,captured,1.5,False,15,100,14.228971814015088,1.5,1.3,0.2,0,0,0,0,0,0,15,2,0,15,False,False,not observed before death/horizon,not observed before death/horizon,not observed before death/horizon,not observed before death/horizon,not observed before death/horizon,1.5,,,200.0,False,,7.5,0.11116907840377621,215.77132318363874,135.77135409936685,161.6756933066759,200.0,"[-135.77132318363874, -0.09162390288292954]",140.8888309215963,"{""+1s"": {""pred_xy"": [-245.6089787742476, 2.163879013330188], ""pred_energy"": 194.41547800979998, ""pred_resting"": false, ""dist_to_ref"": 245.61851075786845}, ""+5s"": {""pred_xy"": [-680.1130148236316, 31.256945768278456], ""pred_energy"": 172.09618009199735, ""pred_resting"": false, ""dist_to_ref"": 680.8308964722814}, ""+10s"": {""pred_xy"": [-1176.7124284830943, 225.71183301512974], ""pred_energy"": 144.14963320494022, ""pred_resting"": false, ""dist_to_ref"": 1198.1644173107593}}","[-1176.7124284830943, 225.71183301512974]",146.76540696665802,0,0,0.04107610008213669,950da7606662e242,e9615067cf4e8e1b,valid
80,150,200,S10_D-15,10.0,-15.0,2,captured,1.5,False,15,100,14.228971814015088,1.5,1.3,0.2,0,0,0,0,0,0,15,2,0,15,False,False,not observed before death/horizon,not observed before death/horizon,not observed before death/horizon,not observed before death/horizon,not observed before death/horizon,1.5,,,200.0,False,,7.5,0.11116907840377621,215.77132318363874,135.77135409936685,161.6756933066759,200.0,"[-135.77132318363874, -0.09162390288292954]",140.8888309215963,"{""+1s"": {""pred_xy"": [-243.94469313235004, -15.04273102285515], ""pred_energy"": 194.41433889090223, ""pred_resting"": false, ""dist_to_ref"": 244.40805441732562}, ""+5s"": {""pred_xy"": [-645.2664150692199, -191.99489098067625], ""pred_energy"": 172.09462420532066, ""pred_resting"": false, ""dist_to_ref"": 673.2241711190742}, ""+10s"": {""pred_xy"": [-1189.9553435408743, -234.8665993680679], ""pred_energy"": 144.24267121488927, ""pred_resting"": false, ""dist_to_ref"": 1212.9122141029832}}","[-1189.9553435408743, -234.8665993680679]",146.76540696665802,0,0,0.03492100001312792,950da7606662e242,fea7e353cb5eb825,valid
80,150,200,S15_D0,15.0,0.0,0,captured,3.1,False,31,100,10.0,3.1,1.3,1.8,0,0,0,0,0,0,31,18,0,0,False,False,not observed before death/horizon,not observed before death/horizon,not observed before death/horizon,1.8,1.8,3.1,,,200.0,False,,58.0,0.0,465.0,385.0,120.94999999999969,200.0,"[-385.0, 0.0]",88.90000000000018,"{""+1s"": {""pred_xy"": [-494.7802822940239, -2.98502677592478], ""pred_energy"": 194.43602773729242, ""pred_resting"": false, ""dist_to_ref"": 494.78928659764546}, ""+5s"": {""pred_xy"": [-931.5741999514958, -15.358603328794743], ""pred_energy"": 172.10733454705985, ""pred_resting"": false, ""dist_to_ref"": 931.7007978484727}, ""+10s"": {""pred_xy"": [-1465.9022454778378, 106.26541055295365], ""pred_energy"": 144.18951959980032, ""pred_resting"": false, ""dist_to_ref"": 1469.7488665676715}}","[-1465.9022454778378, 106.26541055295365]",396.0,0,0,0.07202839991077781,4eabba104a54bf28,b9b9bb480f234414,valid
80,150,200,S15_D0,15.0,0.0,1,captured,3.1,False,31,100,10.0,3.1,1.3,1.8,0,0,0,0,0,0,31,18,0,0,False,False,not observed before death/horizon,not observed before death/horizon,not observed before death/horizon,1.8,1.8,3.1,,,200.0,False,,58.0,0.0,465.0,385.0,120.94999999999969,200.0,"[-385.0, 0.0]",88.90000000000018,"{""+1s"": {""pred_xy"": [-493.69077199925687, -11.768587103286336], ""pred_energy"": 194.41266615450715, ""pred_resting"": false, ""dist_to_ref"": 493.8310217064435}, ""+5s"": {""pred_xy"": [-931.8689232923807, -14.841948894715642], ""pred_energy"": 172.1041519512804, ""pred_resting"": false, ""dist_to_ref"": 931.9871102354873}, ""+10s"": {""pred_xy"": [-1479.0392996225428, -55.17273480502263], ""pred_energy"": 144.15268752484278, ""pred_resting"": false, ""dist_to_ref"": 1480.0679986047287}}","[-1479.0392996225428, -55.17273480502263]",396.0,0,0,0.06278429995290935,4eabba104a54bf28,0fbfda6bbe127084,valid
80,150,200,S15_D0,15.0,0.0,2,captured,3.1,False,31,100,10.0,3.1,1.3,1.8,0,0,0,0,0,0,31,18,0,0,False,False,not observed before death/horizon,not observed before death/horizon,not observed before death/horizon,1.8,1.8,3.1,,,200.0,False,,58.0,0.0,465.0,385.0,120.94999999999969,200.0,"[-385.0, 0.0]",88.90000000000018,"{""+1s"": {""pred_xy"": [-494.2986753079904, -9.955701985264568], ""pred_energy"": 194.41449394355172, ""pred_resting"": false, ""dist_to_ref"": 494.39892436498434}, ""+5s"": {""pred_xy"": [-908.3023792501426, 71.99126466121925], ""pred_energy"": 172.05122893581841, ""pred_resting"": false, ""dist_to_ref"": 911.150895482736}, ""+10s"": {""pred_xy"": [-1388.397151724349, 330.05081677052294], ""pred_energy"": 144.13955580674616, ""pred_resting"": false, ""dist_to_ref"": 1427.0880115000525}}","[-1388.397151724349, 330.05081677052294]",396.0,0,0,0.055076500051654875,4eabba104a54bf28,710031414556bdf0,valid
80,150,200,S15_D+15,15.0,15.0,0,captured,4.1,False,41,100,12.810366069500256,4.1,1.1,3.0,0,0,0,0,0,0,41,30,0,41,False,False,not observed before death/horizon,not observed before death/horizon,not observed before death/horizon,1.8,1.8,4.1,,,177.62801233064351,False,,63.0,0.36726448934166456,562.2834551115093,482.2859380484038,95.09527681998493,177.62801233064351,"[-482.2834551115093, 1.5475674245744813]",82.53273551065857,"{""+1s"": {""pred_xy"": [-590.3543272155275, -16.072564338059237], ""pred_energy"": 172.04774259631074, ""pred_resting"": false, ""dist_to_ref"": 590.5730767538419}, ""+5s"": {""pred_xy"": [-1022.8863601764779, -51.56084263410139], ""pred_energy"": 149.70749784427682, ""pred_resting"": false, ""dist_to_ref"": 1024.1850547280123}, ""+10s"": {""pred_xy"": [-1489.9169732438695, 202.26966415675088], ""pred_energy"": 121.75823829591728, ""pred_resting"": false, ""dist_to_ref"": 1503.5842524442248}}","[-1489.9169732438695, 202.26966415675088]",493.2841353904803,0,0,0.058642499963752925,741844630ec73a1c,7e1c1e26f83dc87b,valid
80,150,200,S15_D+15,15.0,15.0,1,captured,4.1,False,41,100,12.810366069500256,4.1,1.1,3.0,0,0,0,0,0,0,41,30,0,41,False,False,not observed before death/horizon,not observed before death/horizon,not observed before death/horizon,1.8,1.8,4.1,,,177.62801233064351,False,,63.0,0.36726448934166456,562.2834551115093,482.2859380484038,95.09527681998493,177.62801233064351,"[-482.2834551115093, 1.5475674245744813]",82.53273551065857,"{""+1s"": {""pred_xy"": [-591.1981169830497, -10.074601419168175], ""pred_energy"": 172.08406336222586, ""pred_resting"": false, ""dist_to_ref"": 591.2839513449175}, ""+5s"": {""pred_xy"": [-1027.5358666356651, 10.419149097015179], ""pred_energy"": 149.7555566353, ""pred_resting"": false, ""dist_to_ref"": 1027.5886900363457}, ""+10s"": {""pred_xy"": [-1547.2077572114013, -146.13033765775526], ""pred_energy"": 121.83734108234728, ""pred_resting"": false, ""dist_to_ref"": 1554.0932789118883}}","[-1547.2077572114013, -146.13033765775526]",493.2841353904803,0,0,0.09557670005597174,741844630ec73a1c,e552c978952d126d,valid
80,150,200,S15_D+15,15.0,15.0,2,captured,4.1,False,41,100,12.810366069500256,4.1,1.1,3.0,0,0,0,0,0,0,41,30,0,41,False,False,not observed before death/horizon,not observed before death/horizon,not observed before death/horizon,1.8,1.8,4.1,,,177.62801233064351,False,,63.0,0.36726448934166456,562.2834551115093,482.2859380484038,95.09527681998493,177.62801233064351,"[-482.2834551115093, 1.5475674245744813]",82.53273551065857,"{""+1s"": {""pred_xy"": [-591.7257695903336, 9.994708803468711], ""pred_energy"": 172.02438524098977, ""pred_resting"": false, ""dist_to_ref"": 591.8101727761518}, ""+5s"": {""pred_xy"": [-1006.3438620941133, 142.91525623301095], ""pred_energy"": 149.7126975415612, ""pred_resting"": false, ""dist_to_ref"": 1016.4412128788575}, ""+10s"": {""pred_xy"": [-1535.1434899576589, 198.21391923244119], ""pred_energy"": 121.82172671638583, ""pred_resting"": false, ""dist_to_ref"": 1547.8870412717026}}","[-1535.1434899576589, 198.21391923244119]",493.2841353904803,0,0,0.06908950000070035,741844630ec73a1c,7f6ee8775617031b,valid
80,150,200,S15_D-15,15.0,-15.0,0,captured,4.1,False,41,100,12.810366069500256,4.1,1.1,3.0,0,0,0,0,0,0,41,30,0,41,False,False,not observed before death/horizon,not observed before death/horizon,not observed before death/horizon,1.8,1.8,4.1,,,177.62801233064351,False,,63.0,0.36726448934166456,562.2834551115093,482.2859380484038,95.09527681998493,177.62801233064351,"[-482.2834551115093, -1.5475674245744813]",82.53273551065857,"{""+1s"": {""pred_xy"": [-589.4961805300263, -23.800970512400454], ""pred_energy"": 172.04774259631074, ""pred_resting"": false, ""dist_to_ref"": 589.9764682229467}, ""+5s"": {""pred_xy"": [-1020.1008854091142, -77.865428058406], ""pred_energy"": 149.70749784427682, ""pred_resting"": false, ""dist_to_ref"": 1023.0683463479737}, ""+10s"": {""pred_xy"": [-1497.6197317632023, 155.6367584334157], ""pred_energy"": 121.75823829591728, ""pred_resting"": false, ""dist_to_ref"": 1505.6851136748837}}","[-1497.6197317632023, 155.6367584334157]",493.2841353904803,0,0,0.06396159995347261,4ed548b1827534d9,1586453b6a54d13c,valid
80,150,200,S15_D-15,15.0,-15.0,1,captured,4.1,False,41,100,12.810366069500256,4.1,1.1,3.0,0,0,0,0,0,0,41,30,0,41,False,False,not observed before death/horizon,not observed before death/horizon,not observed before death/horizon,1.8,1.8,4.1,,,177.62801233064351,False,,63.0,0.36726448934166456,562.2834551115093,482.2859380484038,95.09527681998493,177.62801233064351,"[-482.2834551115093, -1.5475674245744813]",82.53273551065857,"{""+1s"": {""pred_xy"": [-590.5972423199764, -17.844864126273933], ""pred_energy"": 172.08406336222586, ""pred_resting"": false, ""dist_to_ref"": 590.8667716259276}, ""+5s"": {""pred_xy"": [-1027.412682497913, -16.14286404300674], ""pred_energy"": 149.7555566353, ""pred_resting"": false, ""dist_to_ref"": 1027.539494237116}, ""+10s"": {""pred_xy"": [-1539.868082631192, -194.90549585399185], ""pred_energy"": 121.83734108234728, ""pred_resting"": false, ""dist_to_ref"": 1552.1539434670628}}","[-1539.868082631192, -194.90549585399185]",493.2841353904803,0,0,0.062128799967467785,4ed548b1827534d9,e88229139b401356,valid
80,150,200,S15_D-15,15.0,-15.0,2,captured,4.1,False,41,100,12.810366069500256,4.1,1.1,3.0,0,0,0,0,0,0,41,30,0,41,False,False,not observed before death/horizon,not observed before death/horizon,not observed before death/horizon,1.8,1.8,4.1,,,177.62801233064351,False,,63.0,0.36726448934166456,562.2834551115093,482.2859380484038,95.09527681998493,177.62801233064351,"[-482.2834551115093, -1.5475674245744813]",82.53273551065857,"{""+1s"": {""pred_xy"": [-591.9878581969333, 2.183161676815871], ""pred_energy"": 172.02438524098977, ""pred_resting"": false, ""dist_to_ref"": 591.9918837682654}, ""+5s"": {""pred_xy"": [-1011.9407459075719, 117.14231383070819], ""pred_energy"": 149.7126975415612, ""pred_resting"": false, ""dist_to_ref"": 1018.6983827009765}, ""+10s"": {""pred_xy"": [-1542.629879156104, 149.63896612092776], ""pred_energy"": 121.82172671638583, ""pred_resting"": false, ""dist_to_ref"": 1549.8705637074715}}","[-1542.629879156104, 149.63896612092776]",493.2841353904803,0,0,0.059096000040881336,4ed548b1827534d9,b14a5be22398a25a,valid
80,150,200,S20_D0,20.0,0.0,0,captured,3.2,False,32,100,10.0,3.2,1.3,1.9,0,0,0,0,0,0,32,19,0,0,False,False,not observed before death/horizon,not observed before death/horizon,not observed before death/horizon,1.0,1.0,3.2,,,200.0,False,,61.0,0.0,480.0,400.0,118.3999999999997,200.0,"[-400.0, 0.0]",85.80000000000018,"{""+1s"": {""pred_xy"": [-509.1577107207613, -6.739174146350706], ""pred_energy"": 194.40959524153223, ""pred_resting"": false, ""dist_to_ref"": 509.2023083751499}, ""+5s"": {""pred_xy"": [-932.2187945552205, -102.88142973458343], ""pred_energy"": 172.09227760449215, ""pred_resting"": false, ""dist_to_ref"": 937.8787072464223}, ""+10s"": {""pred_xy"": [-1432.800341004112, 57.420677327841986], ""pred_energy"": 144.12809848116876, ""pred_resting"": false, ""dist_to_ref"": 1433.950470332322}}","[-1432.800341004112, 57.420677327841986]",411.0,0,0,0.054310199921019375,7b156cfe7f3bede9,820b0d333a7ca305,valid
80,150,200,S20_D0,20.0,0.0,1,captured,3.2,False,32,100,10.0,3.2,1.3,1.9,0,0,0,0,0,0,32,19,0,0,False,False,not observed before death/horizon,not observed before death/horizon,not observed before death/horizon,1.0,1.0,3.2,,,200.0,False,,61.0,0.0,480.0,400.0,118.3999999999997,200.0,"[-400.0, 0.0]",85.80000000000018,"{""+1s"": {""pred_xy"": [-509.71802657395165, 6.213394537907334], ""pred_energy"": 194.4510131918885, ""pred_resting"": false, ""dist_to_ref"": 509.7558953912425}, ""+5s"": {""pred_xy"": [-943.6653683223321, 43.16934052749002], ""pred_energy"": 172.13738442605518, ""pred_resting"": false, ""dist_to_ref"": 944.652274295945}, ""+10s"": {""pred_xy"": [-1476.2085952412563, -54.18573580629618], ""pred_energy"": 144.2125286263306, ""pred_resting"": false, ""dist_to_ref"": 1477.2027317294783}}","[-1476.2085952412563, -54.18573580629618]",411.0,0,0,0.050402099965140224,7b156cfe7f3bede9,20f424f3305d7e97,valid
80,150,200,S20_D0,20.0,0.0,2,captured,3.2,False,32,100,10.0,3.2,1.3,1.9,0,0,0,0,0,0,32,19,0,0,False,False,not observed before death/horizon,not observed before death/horizon,not observed before death/horizon,1.0,1.0,3.2,,,200.0,False,,61.0,0.0,480.0,400.0,118.3999999999997,200.0,"[-400.0, 0.0]",85.80000000000018,"{""+1s"": {""pred_xy"": [-509.8345357029657, -2.4919757770430806], ""pred_energy"": 194.42768865028347, ""pred_resting"": false, ""dist_to_ref"": 509.8406258221602}, ""+5s"": {""pred_xy"": [-935.6711763425374, 100.43694540239267], ""pred_energy"": 172.110377651135, ""pred_resting"": false, ""dist_to_ref"": 941.0462954817849}, ""+10s"": {""pred_xy"": [-1454.1550296366458, 204.83618035926338], ""pred_energy"": 144.2010433793894, ""pred_resting"": false, ""dist_to_ref"": 1468.5110523934532}}","[-1454.1550296366458, 204.83618035926338]",411.0,0,0,0.06403559993486851,7b156cfe7f3bede9,588864f2ea4e4fb0,valid
80,150,200,S20_D+15,20.0,15.0,0,captured,4.4,False,44,100,10.067638894220226,4.4,1.1,3.3,0,0,0,0,0,0,44,33,0,44,False,False,not observed before death/horizon,not observed before death/horizon,not observed before death/horizon,1.0,1.0,4.4,,,165.6379160829157,False,,67.0,0.38680065042481715,600.070027997599,520.0726747584027,87.42471673334026,165.6379160829157,"[-520.070027997599, 1.6592193754740947]",78.21319934957543,"{""+1s"": {""pred_xy"": [-628.8079437818897, -13.252146848168195], ""pred_energy"": 160.04718828188794, ""pred_resting"": false, ""dist_to_ref"": 628.9475729814795}, ""+5s"": {""pred_xy"": [-1063.0315108557834, -3.1445872968179174], ""pred_energy"": 137.70900762068374, ""pred_resting"": false, ""dist_to_ref"": 1063.0361618974196}, ""+10s"": {""pred_xy"": [-1500.3344187369958, 302.0196703612655], ""pred_energy"": 109.7752419662849, ""pred_resting"": false, ""dist_to_ref"": 1530.431066507736}}","[-1500.3344187369958, 302.0196703612655]",531.0724525033623,0,0,0.0683777000522241,bb0ee9d29ae86ea0,0a09bbc7023eac71,valid
80,150,200,S20_D+15,20.0,15.0,1,captured,4.4,False,44,100,10.067638894220226,4.4,1.1,3.3,0,0,0,0,0,0,44,33,0,44,False,False,not observed before death/horizon,not observed before death/horizon,not observed before death/horizon,1.0,1.0,4.4,,,165.6379160829157,False,,67.0,0.38680065042481715,600.070027997599,520.0726747584027,87.42471673334026,165.6379160829157,"[-520.070027997599, 1.6592193754740947]",78.21319934957543,"{""+1s"": {""pred_xy"": [-628.203694158793, -17.0420336705065], ""pred_energy"": 160.07593206626498, ""pred_resting"": false, ""dist_to_ref"": 628.4348114692415}, ""+5s"": {""pred_xy"": [-1065.2722420991604, -7.271564860013314], ""pred_energy"": 137.74092263307207, ""pred_resting"": false, ""dist_to_ref"": 1065.2970597173755}, ""+10s"": {""pred_xy"": [-1578.8325676212798, -185.08648019873726], ""pred_energy"": 109.83015793625474, ""pred_resting"": false, ""dist_to_ref"": 1589.6443884510652}}","[-1578.8325676212798, -185.08648019873726]",531.0724525033623,0,0,0.09144770004786551,bb0ee9d29ae86ea0,708308e33f8838c8,valid
80,150,200,S20_D+15,20.0,15.0,2,captured,4.4,False,44,100,10.067638894220226,4.4,1.1,3.3,0,0,0,0,0,0,44,33,0,44,False,False,not observed before death/horizon,not observed before death/horizon,not observed before death/horizon,1.0,1.0,4.4,,,165.6379160829157,False,,67.0,0.38680065042481715,600.070027997599,520.0726747584027,87.42471673334026,165.6379160829157,"[-520.070027997599, 1.6592193754740947]",78.21319934957543,"{""+1s"": {""pred_xy"": [-629.2766053439736, 12.401541798383732], ""pred_energy"": 160.0465719578984, ""pred_resting"": false, ""dist_to_ref"": 629.3987958935195}, ""+5s"": {""pred_xy"": [-1044.9577053120838, 139.33593343421308], ""pred_energy"": 137.73466620119225, ""pred_resting"": false, ""dist_to_ref"": 1054.206387875296}, ""+10s"": {""pred_xy"": [-1578.0340605419633, 161.12370705027024], ""pred_energy"": 109.83890968457104, ""pred_resting"": false, ""dist_to_ref"": 1586.2384263420736}}","[-1578.0340605419633, 161.12370705027024]",531.0724525033623,0,0,0.08705640002153814,bb0ee9d29ae86ea0,b4ddd99f4cd2025f,valid
80,150,200,S20_D-15,20.0,-15.0,0,captured,4.4,False,44,100,10.067638894220226,4.4,1.1,3.3,0,0,0,0,0,0,44,33,0,44,False,False,not observed before death/horizon,not observed before death/horizon,not observed before death/horizon,1.0,1.0,4.4,,,165.6379160829157,False,,67.0,0.38680065042481715,600.070027997599,520.0726747584027,87.42471673334026,165.6379160829157,"[-520.070027997599, -1.6592193754740947]",78.21319934957543,"{""+1s"": {""pred_xy"": [-628.9020984315239, -15.867091025812442], ""pred_energy"": 160.04718828188794, ""pred_resting"": false, ""dist_to_ref"": 629.1022285679774}, ""+5s"": {""pred_xy"": [-1063.0512227621275, -2.951720127751287], ""pred_energy"": 137.70900762068374, ""pred_resting"": false, ""dist_to_ref"": 1063.0553206996176}, ""+10s"": {""pred_xy"": [-1498.3715605531343, 305.0340926930585], ""pred_energy"": 109.7752419662849, ""pred_resting"": false, ""dist_to_ref"": 1529.1053368488099}}","[-1498.3715605531343, 305.0340926930585]",531.0724525033623,0,0,0.06947099999524653,09caec52e4f76ad4,0f1b79bddbda0feb,valid
80,150,200,S20_D-15,20.0,-15.0,1,captured,4.4,False,44,100,10.067638894220226,4.4,1.1,3.3,0,0,0,0,0,0,44,33,0,44,False,False,not observed before death/horizon,not observed before death/horizon,not observed before death/horizon,1.0,1.0,4.4,,,165.6379160829157,False,,67.0,0.38680065042481715,600.070027997599,520.0726747584027,87.42471673334026,165.6379160829157,"[-520.070027997599, -1.6592193754740947]",78.21319934957543,"{""+1s"": {""pred_xy"": [-628.3223697586927, -19.66080614414477], ""pred_energy"": 160.07593206626498, ""pred_resting"": false, ""dist_to_ref"": 628.6298971870627}, ""+5s"": {""pred_xy"": [-1065.3185953552356, -7.064121109684493], ""pred_energy"": 137.74092263307207, ""pred_resting"": false, ""dist_to_ref"": 1065.342016169786}, ""+10s"": {""pred_xy"": [-1580.018070106482, -181.55424334614509], ""pred_energy"": 109.83015793625474, ""pred_resting"": false, ""dist_to_ref"": 1590.4147399782244}}","[-1580.018070106482, -181.55424334614509]",531.0724525033623,0,0,0.09312500001396984,09caec52e4f76ad4,4e478fc622d036c5,valid
80,150,200,S20_D-15,20.0,-15.0,2,captured,4.4,False,44,100,10.067638894220226,4.4,1.1,3.3,0,0,0,0,0,0,44,33,0,44,False,False,not observed before death/horizon,not observed before death/horizon,not observed before death/horizon,1.0,1.0,4.4,,,165.6379160829157,False,,67.0,0.38680065042481715,600.070027997599,520.0726747584027,87.42471673334026,165.6379160829157,"[-520.070027997599, -1.6592193754740947]",78.21319934957543,"{""+1s"": {""pred_xy"": [-629.2048537633436, 9.789091933523196], ""pred_energy"": 160.0465719578984, ""pred_resting"": false, ""dist_to_ref"": 629.280997901759}, ""+5s"": {""pred_xy"": [-1044.0564067882879, 139.40894227846184], ""pred_energy"": 137.73466620119225, ""pred_resting"": false, ""dist_to_ref"": 1053.322663642471}, ""+10s"": {""pred_xy"": [-1576.9807190626152, 164.64354097256455], ""pred_energy"": 109.83890968457104, ""pred_resting"": false, ""dist_to_ref"": 1585.5521700275988}}","[-1576.9807190626152, 164.64354097256455]",531.0724525033623,0,0,0.07822439994197339,09caec52e4f76ad4,424ebdff9c68f2e1,valid
80,300,101,S10_D0,10.0,0.0,0,captured,1.4,False,14,100,10.0,1.4,1.3,0.1,0,0,0,0,0,0,14,1,0,0,False,False,not observed before death/horizon,not observed before death/horizon,not observed before death/horizon,not observed before death/horizon,not observed before death/horizon,1.4,,,200.0,False,,7.0,0.0,210.0,130.0,65.30000000000004,200.0,"[-130.0, 0.0]",291.5999999999997,"{""+1s"": {""pred_xy"": [-238.34245486399413, -15.75898799150491], ""pred_energy"": 194.44185839681748, ""pred_resting"": false, ""dist_to_ref"": 238.86287173420544}, ""+5s"": {""pred_xy"": [-609.005858549699, -241.71203047623385], ""pred_energy"": 172.1043359196038, ""pred_resting"": false, ""dist_to_ref"": 655.2196894361462}, ""+10s"": {""pred_xy"": [-1135.0337182055891, -327.92099573991163], ""pred_energy"": 144.17257128656223, ""pred_resting"": false, ""dist_to_ref"": 1181.4540705887216}}","[-1135.0337182055891, -327.92099573991163]",141.0,0,0,0.03363079996779561,e8006f5ee0de2a44,ed56eaf0278b0c11,valid
80,300,101,S10_D0,10.0,0.0,1,captured,1.4,False,14,100,10.0,1.4,1.3,0.1,0,0,0,0,0,0,14,1,0,0,False,False,not observed before death/horizon,not observed before death/horizon,not observed before death/horizon,not observed before death/horizon,not observed before death/horizon,1.4,,,200.0,False,,7.0,0.0,210.0,130.0,65.30000000000004,200.0,"[-130.0, 0.0]",291.5999999999997,"{""+1s"": {""pred_xy"": [-239.80053057708392, 4.673063878432913], ""pred_energy"": 194.4290345377026, ""pred_resting"": false, ""dist_to_ref"": 239.84605894419627}, ""+5s"": {""pred_xy"": [-670.9667289655163, 68.5699706039295], ""pred_energy"": 172.15567994586064, ""pred_resting"": false, ""dist_to_ref"": 674.4614090126346}, ""+10s"": {""pred_xy"": [-1211.4268156640828, 79.88469261814589], ""pred_energy"": 144.2423716051006, ""pred_resting"": false, ""dist_to_ref"": 1214.0578626345268}}","[-1211.4268156640828, 79.88469261814589]",141.0,0,0,0.036396300070919096,e8006f5ee0de2a44,dbf1bef39c57bd54,valid
80,300,101,S10_D0,10.0,0.0,2,captured,1.4,False,14,100,10.0,1.4,1.3,0.1,0,0,0,0,0,0,14,1,0,0,False,False,not observed before death/horizon,not observed before death/horizon,not observed before death/horizon,not observed before death/horizon,not observed before death/horizon,1.4,,,200.0,False,,7.0,0.0,210.0,130.0,65.30000000000004,200.0,"[-130.0, 0.0]",291.5999999999997,"{""+1s"": {""pred_xy"": [-238.80183666132507, -13.372956404003162], ""pred_energy"": 194.41700950801516, ""pred_resting"": false, ""dist_to_ref"": 239.1759878328206}, ""+5s"": {""pred_xy"": [-675.1232058722262, -29.43043518452305], ""pred_energy"": 172.0951639496943, ""pred_resting"": false, ""dist_to_ref"": 675.7643772960681}, ""+10s"": {""pred_xy"": [-1209.5390129070374, 39.70753730542765], ""pred_energy"": 144.19815196033116, ""pred_resting"": false, ""dist_to_ref"": 1210.1906098887862}}","[-1209.5390129070374, 39.70753730542765]",141.0,0,0,0.037149099982343614,e8006f5ee0de2a44,77856151e99814b4,valid
80,300,101,S10_D+15,10.0,15.0,0,captured,1.5,False,15,100,14.228971814015088,1.5,1.3,0.2,0,0,0,0,0,0,15,2,0,15,False,False,not observed before death/horizon,not observed before death/horizon,not observed before death/horizon,not observed before death/horizon,not observed before death/horizon,1.5,,,200.0,False,,7.5,0.11116907840397516,215.77132318363874,135.77135409936685,62.67569330667614,200.0,"[-135.77132318363874, 0.09162390288292954]",290.8888309215957,"{""+1s"": {""pred_xy"": [-244.86916465868399, 13.238733089414382], ""pred_energy"": 194.4293177807291, ""pred_resting"": false, ""dist_to_ref"": 245.22677638148417}, ""+5s"": {""pred_xy"": [-682.0055417567955, 21.9720967907906], ""pred_energy"": 172.1216235578595, ""pred_resting"": false, ""dist_to_ref"": 682.3593862653053}, ""+10s"": {""pred_xy"": [-1201.8976555355966, -93.89625436174356], ""pred_energy"": 144.28946544273063, ""pred_resting"": false, ""dist_to_ref"": 1205.5598205668307}}","[-1201.8976555355966, -93.89625436174356]",146.76540696665802,0,0,0.037089699995703995,8bad1dd4785b35ef,69103b3b9efa9b40,valid
80,300,101,S10_D+15,10.0,15.0,1,captured,1.5,False,15,100,14.228971814015088,1.5,1.3,0.2,0,0,0,0,0,0,15,2,0,15,False,False,not observed before death/horizon,not observed before death/horizon,not observed before death/horizon,not observed before death/horizon,not observed before death/horizon,1.5,,,200.0,False,,7.5,0.11116907840397516,215.77132318363874,135.77135409936685,62.67569330667614,200.0,"[-135.77132318363874, 0.09162390288292954]",290.8888309215957,"{""+1s"": {""pred_xy"": [-245.1849005577651, 9.994500517386768], ""pred_energy"": 194.41547800979998, ""pred_resting"": false, ""dist_to_ref"": 245.3885194994118}, ""+5s"": {""pred_xy"": [-676.6059664462446, 69.2906031216944], ""pred_energy"": 172.09618009199735, ""pred_resting"": false, ""dist_to_ref"": 680.1447063027285}, ""+10s"": {""pred_xy"": [-1158.4500466466325, 297.8731116321942], ""pred_energy"": 144.14963320494022, ""pred_resting"": false, ""dist_to_ref"": 1196.1333124735847}}","[-1158.4500466466325, 297.8731116321942]",146.76540696665802,0,0,0.03749710007105023,8bad1dd4785b35ef,277429be974e2f75,valid
80,300,101,S10_D+15,10.0,15.0,2,captured,1.5,False,15,100,14.228971814015088,1.5,1.3,0.2,0,0,0,0,0,0,15,2,0,15,False,False,not observed before death/horizon,not observed before death/horizon,not observed before death/horizon,not observed before death/horizon,not observed before death/horizon,1.5,,,200.0,False,,7.5,0.11116907840397516,215.77132318363874,135.77135409936685,62.67569330667614,200.0,"[-135.77132318363874, 0.09162390288292954]",290.8888309215957,"{""+1s"": {""pred_xy"": [-244.7235169212363, -7.286251803480809], ""pred_energy"": 194.41433889090223, ""pred_resting"": false, ""dist_to_ref"": 244.83196114813595}, ""+5s"": {""pred_xy"": [-657.398952744008, -155.84659671624922], ""pred_energy"": 172.09462420532066, ""pred_resting"": false, ""dist_to_ref"": 675.6193786274605}, ""+10s"": {""pred_xy"": [-1203.7512303479716, -160.6633317734022], ""pred_energy"": 144.24267121488927, ""pred_resting"": false, ""dist_to_ref"": 1214.4256793813222}}","[-1203.7512303479716, -160.6633317734022]",146.76540696665802,0,0,0.03813690005335957,8bad1dd4785b35ef,877420da7bf1d1f9,valid
80,300,101,S10_D-15,10.0,-15.0,0,captured,1.5,False,15,100,14.228971814015088,1.5,1.3,0.2,0,0,0,0,0,0,15,2,0,15,False,False,not observed before death/horizon,not observed before death/horizon,not observed before death/horizon,not observed before death/horizon,not observed before death/horizon,1.5,,,200.0,False,,7.5,0.11116907840397516,215.77132318363874,135.77135409936685,62.67569330667614,200.0,"[-135.77132318363874, -0.09162390288292954]",290.8888309215957,"{""+1s"": {""pred_xy"": [-245.52004961183775, 5.422226100959051], ""pred_energy"": 194.4293177807291, ""pred_resting"": false, ""dist_to_ref"": 245.57991631501383}, ""+5s"": {""pred_xy"": [-682.2025871693222, -16.322778299160746], ""pred_energy"": 172.1216235578595, ""pred_resting"": false, ""dist_to_ref"": 682.3978334021293}, ""+10s"": {""pred_xy"": [-1192.7582185760912, -168.13263307490342], ""pred_energy"": 144.28946544273063, ""pred_resting"": false, ""dist_to_ref"": 1204.55001983542}}","[-1192.7582185760912, -168.13263307490342]",146.76540696665802,0,0,0.034172700019553304,75b37278ace734b0,e0a70ae09fa94a9f,valid
80,300,101,S10_D-15,10.0,-15.0,1,captured,1.5,False,15,100,14.228971814015088,1.5,1.3,0.2,0,0,0,0,0,0,15,2,0,15,False,False,not observed before death/horizon,not observed before death/horizon,not observed before death/horizon,not observed before death/horizon,not observed before death/horizon,1.5,,,200.0,False,,7.5,0.11116907840397516,215.77132318363874,135.77135409936685,62.67569330667614,200.0,"[-135.77132318363874, -0.09162390288292954]",290.8888309215957,"{""+1s"": {""pred_xy"": [-245.6089787742476, 2.163879013330188], ""pred_energy"": 194.41547800979998, ""pred_resting"": false, ""dist_to_ref"": 245.61851075786845}, ""+5s"": {""pred_xy"": [-680.1130148236316, 31.256945768278456], ""pred_energy"": 172.09618009199735, ""pred_resting"": false, ""dist_to_ref"": 680.8308964722814}, ""+10s"": {""pred_xy"": [-1176.7124284830943, 225.71183301512974], ""pred_energy"": 144.14963320494022, ""pred_resting"": false, ""dist_to_ref"": 1198.1644173107593}}","[-1176.7124284830943, 225.71183301512974]",146.76540696665802,0,0,0.040137600037269294,75b37278ace734b0,3e0facbb8d710958,valid
80,300,101,S10_D-15,10.0,-15.0,2,captured,1.5,False,15,100,14.228971814015088,1.5,1.3,0.2,0,0,0,0,0,0,15,2,0,15,False,False,not observed before death/horizon,not observed before death/horizon,not observed before death/horizon,not observed before death/horizon,not observed before death/horizon,1.5,,,200.0,False,,7.5,0.11116907840397516,215.77132318363874,135.77135409936685,62.67569330667614,200.0,"[-135.77132318363874, -0.09162390288292954]",290.8888309215957,"{""+1s"": {""pred_xy"": [-243.94469313235004, -15.04273102285515], ""pred_energy"": 194.41433889090223, ""pred_resting"": false, ""dist_to_ref"": 244.40805441732562}, ""+5s"": {""pred_xy"": [-645.2664150692199, -191.99489098067625], ""pred_energy"": 172.09462420532066, ""pred_resting"": false, ""dist_to_ref"": 673.2241711190742}, ""+10s"": {""pred_xy"": [-1189.9553435408743, -234.8665993680679], ""pred_energy"": 144.24267121488927, ""pred_resting"": false, ""dist_to_ref"": 1212.9122141029832}}","[-1189.9553435408743, -234.8665993680679]",146.76540696665802,0,0,0.049561799969524145,75b37278ace734b0,987a5b1fc906b831,valid
80,300,101,S15_D0,15.0,0.0,0,energy_death,23.0,False,230,100,80,0.0,0,7.1,0,12.5,3.4,0,0,0,196,71,0,8,False,False,6.4,9.7,13.2,6.6,6.6,23.0,,,46.224575024866496,False,,277.5,0.0,1891.263222037458,1942.7100360021927,,,,,"{""+1s"": {""pred_xy"": [-1879.1190745841577, -788.9344404378544], ""pred_energy"": 40.644477522236706, ""pred_resting"": false, ""dist_to_ref"": 2038.0152226553687}, ""+5s"": {""pred_xy"": [-2166.947230952308, -1120.1714903958273], ""pred_energy"": 18.356133611116604, ""pred_resting"": false, ""dist_to_ref"": 2439.3532892198054}, ""+10s"": {""pred_xy"": [-2445.234547776765, -1341.3962905100698], ""pred_energy"": 50.95953880466142, ""pred_resting"": true, ""dist_to_ref"": 2788.999103950235}}","[-2445.234547776765, -1341.3962905100698]",1951.8853829766792,0,1,0.22198199992999434,c66916d768bc870e,ceb1adbb244169b6,valid
80,300,101,S15_D0,15.0,0.0,1,energy_death,23.0,False,230,100,80,0.0,0,6.3,0,13.3,3.4,0,0,0,196,63,0,0,False,False,6.4,9.6,13.1,6.6,6.6,23.0,,,46.13344196855016,False,,277.5,0.0,2196.5427939979854,2118.4405930293865,,,,,"{""+1s"": {""pred_xy"": [-2212.544111287748, 36.40880707794804], ""pred_energy"": 40.567101506466805, ""pred_resting"": false, ""dist_to_ref"": 2212.843655938424}, ""+5s"": {""pred_xy"": [-2636.470155963958, -33.111478921451635], ""pred_energy"": 18.17421014262616, ""pred_resting"": false, ""dist_to_ref"": 2636.6780716130256}, ""+10s"": {""pred_xy"": [-2993.4450003187085, 3.7996987131791684], ""pred_energy"": 50.78248444850555, ""pred_resting"": true, ""dist_to_ref"": 2993.447411872035}}","[-2993.4450003187085, 3.7996987131791684]",2128.3591753281003,0,1,0.2062644000397995,cbb0fc3303927332,f0194beb85ad31a5,valid
80,300,101,S15_D0,15.0,0.0,2,energy_death,23.0,False,230,100,80,0.0,0,7.1,0,12.5,3.4,0,0,0,196,71,0,8,False,False,6.4,9.6,13.1,6.6,6.6,23.0,,,46.11658381829207,False,,277.5,0.0,2203.9124729405285,2124.4781815460115,,,,,"{""+1s"": {""pred_xy"": [-2227.3093696543847, -86.12995664898426], ""pred_energy"": 40.53943776647685, ""pred_resting"": false, ""dist_to_ref"": 2228.9740683961686}, ""+5s"": {""pred_xy"": [-2662.781163917045, -119.88510790931923], ""pred_energy"": 18.26398679952306, ""pred_resting"": false, ""dist_to_ref"": 2665.4785622866752}, ""+10s"": {""pred_xy"": [-3008.4436350972446, -226.09708344295723], ""pred_energy"": 50.84523107713129, ""pred_resting"": true, ""dist_to_ref"": 3016.9277413783934}}","[-3008.4436350972446, -226.09708344295723]",2135.083275596099,0,1,0.20843410002999008,470c13c3c2c72be7,bf0ba0a5e36927dc,valid
80,300,101,S15_D+15,15.0,15.0,0,energy_death,22.9,False,229,100,80,0.0,0,4.7,0,14.8,3.4,0,0,0,195,47,0,47,False,False,4.8,9.6,13.1,6.6,6.6,22.9,,,46.43014845979746,False,,277.0,0.16835876369916036,1626.6871380727134,1870.9948809075088,,,,,"{""+1s"": {""pred_xy"": [-1623.9143663237173, 1130.9891297532267], ""pred_energy"": 40.8660565641703, ""pred_resting"": false, ""dist_to_ref"": 1978.947771107798}, ""+5s"": {""pred_xy"": [-1914.2304855949697, 1459.8653592533974], ""pred_energy"": 18.55759167848764, ""pred_resting"": false, ""dist_to_ref"": 2407.3814029208593}, ""+10s"": {""pred_xy"": [-2063.758158320401, 1796.8211638581088], ""pred_energy"": 47.61676015292914, ""pred_resting"": true, ""dist_to_ref"": 2736.3596311381334}}","[-2063.758158320401, 1796.8211638581088]",1881.728452295144,0,1,0.21227030002046376,e32fdf6c63cea272,70da97bc133655cc,valid
80,300,101,S15_D+15,15.0,15.0,1,energy_death,22.9,False,229,100,80,0.0,0,4.7,0,14.8,3.4,0,0,0,195,47,0,47,False,False,4.8,9.6,13.1,6.6,6.6,22.9,,,46.42433035188334,False,,277.0,0.16835876369916036,1653.2364476706534,1903.0610606449175,,,,,"{""+1s"": {""pred_xy"": [-1662.3046406028388, 1135.2008804849374], ""pred_energy"": 40.8317720231826, ""pred_resting"": false, ""dist_to_ref"": 2012.9425618292018}, ""+5s"": {""pred_xy"": [-1988.0060476783356, 1427.0344647171023], ""pred_energy"": 18.50551853132396, ""pred_resting"": false, ""dist_to_ref"": 2447.1606831379227}, ""+10s"": {""pred_xy"": [-2246.7830416007, 1690.8407736012432], ""pred_energy"": 47.50443013105857, ""pred_resting"": true, ""dist_to_ref"": 2811.9346645498263}}","[-2246.7830416007, 1690.8407736012432]",1914.0512414640089,0,1,0.23366810008883476,3bc499ed4cf4247e,78ee1f7a8c5c96fd,valid
80,300,101,S15_D+15,15.0,15.0,2,energy_death,22.9,False,229,100,80,0.0,0,4.7,0,14.8,3.4,0,0,0,195,47,0,47,False,False,4.8,9.6,13.1,6.6,6.6,22.9,,,46.41980157831067,False,,277.0,0.16835876369916036,1796.6758361660195,1937.0807143159104,,,,,"{""+1s"": {""pred_xy"": [-1815.6872300616642, 944.8513586508016], ""pred_energy"": 40.85676048671314, ""pred_resting"": false, ""dist_to_ref"": 2046.8180689434184}, ""+5s"": {""pred_xy"": [-2170.7190200333425, 1198.9099506422554], ""pred_energy"": 18.572445822990794, ""pred_resting"": false, ""dist_to_ref"": 2479.7996156309746}, ""+10s"": {""pred_xy"": [-2516.2249504093443, 1339.0410694258535], ""pred_energy"": 47.6181897398584, ""pred_resting"": true, ""dist_to_ref"": 2850.3366444459925}}","[-2516.2249504093443, 1339.0410694258535]",1947.948575498892,0,1,0.2763035000534728,6c2a5b748c8f61c1,f3028d622f8ee800,valid
80,300,101,S15_D-15,15.0,-15.0,0,energy_death,22.9,False,229,100,80,0.0,0,4.7,0,14.8,3.4,0,0,0,195,47,0,47,False,False,4.8,9.6,13.1,6.6,6.6,22.9,,,46.430148459797444,False,,277.0,0.16835876369916036,2043.2102505418043,2020.8250582725846,,,,,"{""+1s"": {""pred_xy"": [-2061.4728512045886, -528.3223761885647], ""pred_energy"": 40.866056564170286, ""pred_resting"": false, ""dist_to_ref"": 2128.0965319823035}, ""+5s"": {""pred_xy"": [-2464.0807002490847, -702.5347274347796], ""pred_energy"": 18.557591678487626, ""pred_resting"": false, ""dist_to_ref"": 2562.274134551547}, ""+10s"": {""pred_xy"": [-2830.7764235512122, -740.3763140746469], ""pred_energy"": 47.616760152929125, ""pred_resting"": true, ""dist_to_ref"": 2925.995940970553}}","[-2830.7764235512122, -740.3763140746469]",2031.611744177169,0,1,0.25568189995829016,a0afb32aa680814b,b2db92a135f15724,valid
80,300,101,S15_D-15,15.0,-15.0,1,energy_death,22.9,False,229,100,80,0.0,0,4.7,0,14.8,3.4,0,0,0,195,47,0,47,False,False,4.8,9.6,13.1,6.6,6.6,22.9,,,46.42433035188334,False,,277.0,0.16835876369916036,2068.5300750911774,2050.129813722568,,,,,"{""+1s"": {""pred_xy"": [-2077.365003972027, -563.5216870322174], ""pred_energy"": 40.8317720231826, ""pred_resting"": false, ""dist_to_ref"": 2152.4409519156}, ""+5s"": {""pred_xy"": [-2455.7077043905283, -782.8503183068133], ""pred_energy"": 18.50551853132396, ""pred_resting"": false, ""dist_to_ref"": 2577.4706497409584}, ""+10s"": {""pred_xy"": [-2786.677729263408, -947.2222861912924], ""pred_energy"": 47.50443013105857, ""pred_resting"": true, ""dist_to_ref"": 2943.263974948581}}","[-2786.677729263408, -947.2222861912924]",2060.3883125118264,0,1,0.17810739995911717,2ae73d4c906fc759,54b12b59fe50e351,valid
80,300,101,S15_D-15,15.0,-15.0,2,energy_death,22.9,False,229,100,80,0.0,0,4.7,0,14.8,3.4,0,0,0,195,47,0,47,False,False,4.8,9.6,13.1,6.6,6.6,22.9,,,46.419801578310654,False,,277.0,0.16835876369916036,1948.0763079267135,1991.0386688021872,,,,,"{""+1s"": {""pred_xy"": [-1943.8651416787561, -768.3068085114201], ""pred_energy"": 40.85676048671313, ""pred_resting"": false, ""dist_to_ref"": 2090.1930631017735}, ""+5s"": {""pred_xy"": [-2295.371461820275, -1027.2211707158767], ""pred_energy"": 18.57244582299078, ""pred_resting"": false, ""dist_to_ref"": 2514.7392471796834}, ""+10s"": {""pred_xy"": [-2535.599987113016, -1312.3550585864696], ""pred_energy"": 47.61818973985839, ""pred_resting"": true, ""dist_to_ref"": 2855.090733137044}}","[-2535.599987113016, -1312.3550585864696]",2000.2691440765657,0,1,0.1901816000463441,545746e093ac77f3,7432e057d16225fa,valid
80,300,101,S20_D0,20.0,0.0,0,energy_death,20.1,False,201,100,80,0.0,0,2.8,0,13.9,3.4,0,0,0,167,28,0,0,False,False,2.9,9.6,13.1,3.7,3.7,20.1,,,61.974892510162576,False,,280.5,0.0,1920.179240838369,1840.489915947723,,,,,"{""+1s"": {""pred_xy"": [-1949.926154526097, -29.825288256231033], ""pred_energy"": 56.40735842043219, ""pred_resting"": false, ""dist_to_ref"": 1950.15423900893}, ""+5s"": {""pred_xy"": [-2375.119311188446, 66.64824721265177], ""pred_energy"": 34.12481451618963, ""pred_resting"": false, ""dist_to_ref"": 2376.0542357523736}, ""+10s"": {""pred_xy"": [-2853.544051064294, 332.568381828627], ""pred_energy"": 6.27582216503224, ""pred_resting"": false, ""dist_to_ref"": 2872.858398869762}}","[-2853.544051064294, 332.568381828627]",1851.46582513782,0,0,0.16616199992131442,c64b50da9b2bb54e,ce5c92568ed57832,valid
80,300,101,S20_D0,20.0,0.0,1,energy_death,20.1,False,201,100,80,0.0,0,2.8,0,13.9,3.4,0,0,0,167,28,0,0,False,False,2.9,9.6,13.1,3.7,3.7,20.1,,,62.04361764261438,False,,280.5,0.0,1887.2668912184117,1831.210053582394,,,,,"{""+1s"": {""pred_xy"": [-1900.362928398491, -353.4658087898042], ""pred_energy"": 56.5011807392005, ""pred_resting"": false, ""dist_to_ref"": 1932.9555963898185}, ""+5s"": {""pred_xy"": [-2263.635756375901, -595.9302657382323], ""pred_energy"": 34.197682297929674, ""pred_resting"": false, ""dist_to_ref"": 2340.764772284122}, ""+10s"": {""pred_xy"": [-2420.461699043518, -1110.7757770048984], ""pred_energy"": 6.314393893117011, ""pred_resting"": false, ""dist_to_ref"": 2663.1668485690993}}","[-2420.461699043518, -1110.7757770048984]",1841.7337080087525,0,0,0.2805725000798702,743207d943bfe429,03d8ad83659bec08,valid
80,300,101,S20_D0,20.0,0.0,2,energy_death,20.1,False,201,100,80,0.0,0,2.8,0,13.9,3.4,0,0,0,167,28,0,0,False,False,2.9,9.6,13.1,3.7,3.7,20.1,,,62.001116105617946,False,,280.5,0.0,1852.4725063801461,1809.0036626384226,,,,,"{""+1s"": {""pred_xy"": [-1868.44316809483, 414.52022624610254], ""pred_energy"": 56.427201375988105, ""pred_resting"": false, ""dist_to_ref"": 1913.8722241485625}, ""+5s"": {""pred_xy"": [-2263.225341790777, 597.3798008583508], ""pred_energy"": 34.15499159735209, ""pred_resting"": false, ""dist_to_ref"": 2340.7373996665115}, ""+10s"": {""pred_xy"": [-2752.5188868078694, 841.3305290920161], ""pred_energy"": 6.274700552589075, ""pred_resting"": false, ""dist_to_ref"": 2878.228149646286}}","[-2752.5188868078694, 841.3305290920161]",1819.8786904634412,0,0,0.15563239995390177,9452270fec305f0b,2cefd1cf6f159dfe,valid
80,300,101,S20_D+15,20.0,15.0,0,energy_death,20.0,False,200,100,80,0.0,0,1.9,0,14.7,3.4,0,0,0,166,19,0,19,False,False,2.0,11.3,14.8,3.7,3.7,20.0,,,72.36105710447116,False,,280.0,0.10960236388575595,1451.5202807256665,1662.7621398986448,,,,,"{""+1s"": {""pred_xy"": [-1437.971498293362, 1027.6208343764683], ""pred_energy"": 66.80881339073402, ""pred_resting"": false, ""dist_to_ref"": 1767.4180629236098}, ""+5s"": {""pred_xy"": [-1635.1125231537544, 1416.9053784202442], ""pred_energy"": 44.52505012768244, ""pred_resting"": false, ""dist_to_ref"": 2163.611290128255}, ""+10s"": {""pred_xy"": [-1737.5936706125485, 1955.1655907231852], ""pred_energy"": 16.675235586185714, ""pred_resting"": false, ""dist_to_ref"": 2615.7033951311705}}","[-1737.5936706125485, 1955.1655907231852]",1673.1353858031746,0,0,0.16562490002252162,03efab748e3e91cf,0c8bad4732de7dd5,valid
80,300,101,S20_D+15,20.0,15.0,1,energy_death,20.0,False,200,100,80,0.0,0,1.9,0,14.7,3.4,0,0,0,166,19,0,19,False,False,2.0,11.3,14.8,3.7,3.7,20.0,,,72.44059825362795,False,,280.0,0.10960236388575595,1849.0581865891454,1769.451532307582,,,,,"{""+1s"": {""pred_xy"": [-1873.486386096377, 2.905482271961773], ""pred_energy"": 66.89462239954263, ""pred_resting"": false, ""dist_to_ref"": 1873.4886390676875}, ""+5s"": {""pred_xy"": [-2283.294129629854, -145.37890971088382], ""pred_energy"": 44.588338781292414, ""pred_resting"": false, ""dist_to_ref"": 2287.9176361466507}, ""+10s"": {""pred_xy"": [-2561.004900429897, -608.2819314648104], ""pred_energy"": 16.703000210580523, ""pred_resting"": false, ""dist_to_ref"": 2632.25245904957}}","[-2561.004900429897, -608.2819314648104]",1780.0354735611857,0,0,0.19873900001402944,5e0ada5ca2b13f0e,4b9444a91f74a3bf,valid
80,300,101,S20_D+15,20.0,15.0,2,energy_death,20.0,False,200,100,80,0.0,0,1.9,0,14.7,3.4,0,0,0,166,19,0,19,False,False,2.0,11.3,14.8,3.7,3.7,20.0,,,72.39850343180574,False,,280.0,0.10960236388575595,1621.819863648945,1678.9853451220763,,,,,"{""+1s"": {""pred_xy"": [-1613.1276822931432, 748.1775822504005], ""pred_energy"": 66.82634263626584, ""pred_resting"": false, ""dist_to_ref"": 1778.187451862852}, ""+5s"": {""pred_xy"": [-1938.821299055885, 1036.9013475314623], ""pred_energy"": 44.55583305468159, ""pred_resting"": false, ""dist_to_ref"": 2198.6797024999596}, ""+10s"": {""pred_xy"": [-2328.5797751239625, 1420.8112925763944], ""pred_energy"": 16.669711296750243, ""pred_resting"": false, ""dist_to_ref"": 2727.8175338957276}}","[-2328.5797751239625, 1420.8112925763944]",1689.4261771834745,0,0,0.15919739997480065,9715df0350dcae8e,4563bf9420fb2fdb,valid
80,300,101,S20_D-15,20.0,-15.0,0,energy_death,20.0,False,200,100,80,0.0,0,1.9,0,14.7,3.4,0,0,0,166,19,0,19,False,False,2.0,11.3,14.8,3.7,3.7,20.0,,,72.36105710447114,False,,280.0,0.10960236388575595,1765.5409585725229,1733.0417332089605,,,,,"{""+1s"": {""pred_xy"": [-1794.4404702245292, -417.9311266664563], ""pred_energy"": 66.808813390734, ""pred_resting"": false, ""dist_to_ref"": 1842.4665608407452}, ""+5s"": {""pred_xy"": [-2230.376989668748, -398.78978582452874], ""pred_energy"": 44.52505012768243, ""pred_resting"": false, ""dist_to_ref"": 2265.748178708702}, ""+10s"": {""pred_xy"": [-2749.7084850559186, -224.0864955527104], ""pred_energy"": 16.6752355861857, ""pred_resting"": false, ""dist_to_ref"": 2758.8242985513975}}","[-2749.7084850559186, -224.0864955527104]",1743.9661217253183,0,0,0.17560189997311682,0518ac3df27ff940,55909c716cc32dfb,valid
80,300,101,S20_D-15,20.0,-15.0,1,energy_death,20.0,False,200,100,80,0.0,0,1.9,0,14.7,3.4,0,0,0,166,19,0,19,False,False,2.0,11.3,14.8,3.7,3.7,20.0,,,72.44059825362793,False,,280.0,0.10960236388575595,1173.82824166298,1617.9567259484302,,,,,"{""+1s"": {""pred_xy"": [-1115.0693791217063, -1300.0703962324797], ""pred_energy"": 66.8946223995426, ""pred_resting"": false, ""dist_to_ref"": 1712.7646526639157}, ""+5s"": {""pred_xy"": [-1186.8531142056809, -1729.9282133570614], ""pred_energy"": 44.588338781292386, ""pred_resting"": false, ""dist_to_ref"": 2097.9208607734654}, ""+10s"": {""pred_xy"": [-919.6711183715151, -2198.987123164068], ""pred_energy"": 16.703000210580495, ""pred_resting"": false, ""dist_to_ref"": 2383.5560269916245}}","[-919.6711183715151, -2198.987123164068]",1627.6940859942795,0,0,0.18471870000939816,8ce8342c20a168fe,b1896b7a142bdefc,valid
80,300,101,S20_D-15,20.0,-15.0,2,energy_death,20.0,False,200,100,80,0.0,0,1.9,0,14.7,3.4,0,0,0,166,19,0,19,False,False,2.0,11.3,14.8,3.7,3.7,20.0,,,72.39850343180572,False,,280.0,0.10960236388575595,1609.0822315694732,1676.0999936621567,,,,,"{""+1s"": {""pred_xy"": [-1636.8322847902045, -707.6342157702156], ""pred_energy"": 66.82634263626582, ""pred_resting"": false, ""dist_to_ref"": 1783.2459482248235}, ""+5s"": {""pred_xy"": [-2048.18885515088, -849.8436270592383], ""pred_energy"": 44.55583305468158, ""pred_resting"": false, ""dist_to_ref"": 2217.5012461817187}, ""+10s"": {""pred_xy"": [-2573.918272797463, -1001.194527262358], ""pred_energy"": 16.66971129675023, ""pred_resting"": false, ""dist_to_ref"": 2761.783075562013}}","[-2573.918272797463, -1001.194527262358]",1687.0536893925728,0,0,0.15772200003266335,7a350d758854a212,b686ea7b6286c3fd,valid
80,300,200,S10_D0,10.0,0.0,0,captured,1.4,False,14,100,10.0,1.4,1.3,0.1,0,0,0,0,0,0,14,1,0,0,False,False,not observed before death/horizon,not observed before death/horizon,not observed before death/horizon,not observed before death/horizon,not observed before death/horizon,1.4,,,200.0,False,,7.0,0.0,210.0,130.0,164.29999999999984,200.0,"[-130.0, 0.0]",291.5999999999997,"{""+1s"": {""pred_xy"": [-238.34245486399413, -15.75898799150491], ""pred_energy"": 194.44185839681748, ""pred_resting"": false, ""dist_to_ref"": 238.86287173420544}, ""+5s"": {""pred_xy"": [-609.005858549699, -241.71203047623385], ""pred_energy"": 172.1043359196038, ""pred_resting"": false, ""dist_to_ref"": 655.2196894361462}, ""+10s"": {""pred_xy"": [-1135.0337182055891, -327.92099573991163], ""pred_energy"": 144.17257128656223, ""pred_resting"": false, ""dist_to_ref"": 1181.4540705887216}}","[-1135.0337182055891, -327.92099573991163]",141.0,0,0,0.03604469995480031,b833f471c59dd26a,ffe4c4a1ccb2fbfb,valid
80,300,200,S10_D0,10.0,0.0,1,captured,1.4,False,14,100,10.0,1.4,1.3,0.1,0,0,0,0,0,0,14,1,0,0,False,False,not observed before death/horizon,not observed before death/horizon,not observed before death/horizon,not observed before death/horizon,not observed before death/horizon,1.4,,,200.0,False,,7.0,0.0,210.0,130.0,164.29999999999984,200.0,"[-130.0, 0.0]",291.5999999999997,"{""+1s"": {""pred_xy"": [-239.80053057708392, 4.673063878432913], ""pred_energy"": 194.4290345377026, ""pred_resting"": false, ""dist_to_ref"": 239.84605894419627}, ""+5s"": {""pred_xy"": [-670.9667289655163, 68.5699706039295], ""pred_energy"": 172.15567994586064, ""pred_resting"": false, ""dist_to_ref"": 674.4614090126346}, ""+10s"": {""pred_xy"": [-1211.4268156640828, 79.88469261814589], ""pred_energy"": 144.2423716051006, ""pred_resting"": false, ""dist_to_ref"": 1214.0578626345268}}","[-1211.4268156640828, 79.88469261814589]",141.0,0,0,0.03433809999842197,b833f471c59dd26a,398d576fc7d03d9e,valid
80,300,200,S10_D0,10.0,0.0,2,captured,1.4,False,14,100,10.0,1.4,1.3,0.1,0,0,0,0,0,0,14,1,0,0,False,False,not observed before death/horizon,not observed before death/horizon,not observed before death/horizon,not observed before death/horizon,not observed before death/horizon,1.4,,,200.0,False,,7.0,0.0,210.0,130.0,164.29999999999984,200.0,"[-130.0, 0.0]",291.5999999999997,"{""+1s"": {""pred_xy"": [-238.80183666132507, -13.372956404003162], ""pred_energy"": 194.41700950801516, ""pred_resting"": false, ""dist_to_ref"": 239.1759878328206}, ""+5s"": {""pred_xy"": [-675.1232058722262, -29.43043518452305], ""pred_energy"": 172.0951639496943, ""pred_resting"": false, ""dist_to_ref"": 675.7643772960681}, ""+10s"": {""pred_xy"": [-1209.5390129070374, 39.70753730542765], ""pred_energy"": 144.19815196033116, ""pred_resting"": false, ""dist_to_ref"": 1210.1906098887862}}","[-1209.5390129070374, 39.70753730542765]",141.0,0,0,0.040331399999558926,b833f471c59dd26a,e171d0e780fb3acb,valid
80,300,200,S10_D+15,10.0,15.0,0,captured,1.5,False,15,100,14.228971814015088,1.5,1.3,0.2,0,0,0,0,0,0,15,2,0,15,False,False,not observed before death/horizon,not observed before death/horizon,not observed before death/horizon,not observed before death/horizon,not observed before death/horizon,1.5,,,200.0,False,,7.5,0.11116907840397516,215.77132318363874,135.77135409936685,161.6756933066759,200.0,"[-135.77132318363874, 0.09162390288292954]",290.8888309215957,"{""+1s"": {""pred_xy"": [-244.86916465868399, 13.238733089414382], ""pred_energy"": 194.4293177807291, ""pred_resting"": false, ""dist_to_ref"": 245.22677638148417}, ""+5s"": {""pred_xy"": [-682.0055417567955, 21.9720967907906], ""pred_energy"": 172.1216235578595, ""pred_resting"": false, ""dist_to_ref"": 682.3593862653053}, ""+10s"": {""pred_xy"": [-1201.8976555355966, -93.89625436174356], ""pred_energy"": 144.28946544273063, ""pred_resting"": false, ""dist_to_ref"": 1205.5598205668307}}","[-1201.8976555355966, -93.89625436174356]",146.76540696665802,0,0,0.040199499926529825,044d1721e3313c1e,6fe0ed90273978bc,valid
80,300,200,S10_D+15,10.0,15.0,1,captured,1.5,False,15,100,14.228971814015088,1.5,1.3,0.2,0,0,0,0,0,0,15,2,0,15,False,False,not observed before death/horizon,not observed before death/horizon,not observed before death/horizon,not observed before death/horizon,not observed before death/horizon,1.5,,,200.0,False,,7.5,0.11116907840397516,215.77132318363874,135.77135409936685,161.6756933066759,200.0,"[-135.77132318363874, 0.09162390288292954]",290.8888309215957,"{""+1s"": {""pred_xy"": [-245.1849005577651, 9.994500517386768], ""pred_energy"": 194.41547800979998, ""pred_resting"": false, ""dist_to_ref"": 245.3885194994118}, ""+5s"": {""pred_xy"": [-676.6059664462446, 69.2906031216944], ""pred_energy"": 172.09618009199735, ""pred_resting"": false, ""dist_to_ref"": 680.1447063027285}, ""+10s"": {""pred_xy"": [-1158.4500466466325, 297.8731116321942], ""pred_energy"": 144.14963320494022, ""pred_resting"": false, ""dist_to_ref"": 1196.1333124735847}}","[-1158.4500466466325, 297.8731116321942]",146.76540696665802,0,0,0.03620249999221414,044d1721e3313c1e,5e856c7e94579abc,valid
80,300,200,S10_D+15,10.0,15.0,2,captured,1.5,False,15,100,14.228971814015088,1.5,1.3,0.2,0,0,0,0,0,0,15,2,0,15,False,False,not observed before death/horizon,not observed before death/horizon,not observed before death/horizon,not observed before death/horizon,not observed before death/horizon,1.5,,,200.0,False,,7.5,0.11116907840397516,215.77132318363874,135.77135409936685,161.6756933066759,200.0,"[-135.77132318363874, 0.09162390288292954]",290.8888309215957,"{""+1s"": {""pred_xy"": [-244.7235169212363, -7.286251803480809], ""pred_energy"": 194.41433889090223, ""pred_resting"": false, ""dist_to_ref"": 244.83196114813595}, ""+5s"": {""pred_xy"": [-657.398952744008, -155.84659671624922], ""pred_energy"": 172.09462420532066, ""pred_resting"": false, ""dist_to_ref"": 675.6193786274605}, ""+10s"": {""pred_xy"": [-1203.7512303479716, -160.6633317734022], ""pred_energy"": 144.24267121488927, ""pred_resting"": false, ""dist_to_ref"": 1214.4256793813222}}","[-1203.7512303479716, -160.6633317734022]",146.76540696665802,0,0,0.03411939996294677,044d1721e3313c1e,a3f965c0e7d84585,valid
80,300,200,S10_D-15,10.0,-15.0,0,captured,1.5,False,15,100,14.228971814015088,1.5,1.3,0.2,0,0,0,0,0,0,15,2,0,15,False,False,not observed before death/horizon,not observed before death/horizon,not observed before death/horizon,not observed before death/horizon,not observed before death/horizon,1.5,,,200.0,False,,7.5,0.11116907840397516,215.77132318363874,135.77135409936685,161.6756933066759,200.0,"[-135.77132318363874, -0.09162390288292954]",290.8888309215957,"{""+1s"": {""pred_xy"": [-245.52004961183775, 5.422226100959051], ""pred_energy"": 194.4293177807291, ""pred_resting"": false, ""dist_to_ref"": 245.57991631501383}, ""+5s"": {""pred_xy"": [-682.2025871693222, -16.322778299160746], ""pred_energy"": 172.1216235578595, ""pred_resting"": false, ""dist_to_ref"": 682.3978334021293}, ""+10s"": {""pred_xy"": [-1192.7582185760912, -168.13263307490342], ""pred_energy"": 144.28946544273063, ""pred_resting"": false, ""dist_to_ref"": 1204.55001983542}}","[-1192.7582185760912, -168.13263307490342]",146.76540696665802,0,0,0.03491109993774444,e2d62e81c81106a9,99d5f33c55f02345,valid
80,300,200,S10_D-15,10.0,-15.0,1,captured,1.5,False,15,100,14.228971814015088,1.5,1.3,0.2,0,0,0,0,0,0,15,2,0,15,False,False,not observed before death/horizon,not observed before death/horizon,not observed before death/horizon,not observed before death/horizon,not observed before death/horizon,1.5,,,200.0,False,,7.5,0.11116907840397516,215.77132318363874,135.77135409936685,161.6756933066759,200.0,"[-135.77132318363874, -0.09162390288292954]",290.8888309215957,"{""+1s"": {""pred_xy"": [-245.6089787742476, 2.163879013330188], ""pred_energy"": 194.41547800979998, ""pred_resting"": false, ""dist_to_ref"": 245.61851075786845}, ""+5s"": {""pred_xy"": [-680.1130148236316, 31.256945768278456], ""pred_energy"": 172.09618009199735, ""pred_resting"": false, ""dist_to_ref"": 680.8308964722814}, ""+10s"": {""pred_xy"": [-1176.7124284830943, 225.71183301512974], ""pred_energy"": 144.14963320494022, ""pred_resting"": false, ""dist_to_ref"": 1198.1644173107593}}","[-1176.7124284830943, 225.71183301512974]",146.76540696665802,0,0,0.04279129998758435,e2d62e81c81106a9,2f5b3ac185e9ad23,valid
80,300,200,S10_D-15,10.0,-15.0,2,captured,1.5,False,15,100,14.228971814015088,1.5,1.3,0.2,0,0,0,0,0,0,15,2,0,15,False,False,not observed before death/horizon,not observed before death/horizon,not observed before death/horizon,not observed before death/horizon,not observed before death/horizon,1.5,,,200.0,False,,7.5,0.11116907840397516,215.77132318363874,135.77135409936685,161.6756933066759,200.0,"[-135.77132318363874, -0.09162390288292954]",290.8888309215957,"{""+1s"": {""pred_xy"": [-243.94469313235004, -15.04273102285515], ""pred_energy"": 194.41433889090223, ""pred_resting"": false, ""dist_to_ref"": 244.40805441732562}, ""+5s"": {""pred_xy"": [-645.2664150692199, -191.99489098067625], ""pred_energy"": 172.09462420532066, ""pred_resting"": false, ""dist_to_ref"": 673.2241711190742}, ""+10s"": {""pred_xy"": [-1189.9553435408743, -234.8665993680679], ""pred_energy"": 144.24267121488927, ""pred_resting"": false, ""dist_to_ref"": 1212.9122141029832}}","[-1189.9553435408743, -234.8665993680679]",146.76540696665802,0,0,0.052766399923712015,e2d62e81c81106a9,0b55f71ed7f42a2e,valid
80,300,200,S15_D0,15.0,0.0,0,energy_death,23.0,False,230,100,18.0,13.5,6.1,7.4,0,6.1,3.4,0,0,0,196,74,0,0,False,False,17.0,13.5,17.0,6.6,6.6,23.0,,,67.62570311264992,False,,277.5,0.0,2399.9856351826593,2319.998079554304,,,,,"{""+1s"": {""pred_xy"": [-2423.510163726318, 29.134202802028994], ""pred_energy"": 62.04066088638735, ""pred_resting"": false, ""dist_to_ref"": 2423.685275661358}, ""+5s"": {""pred_xy"": [-2815.014675557417, 228.4315121335294], ""pred_energy"": 39.7129870832533, ""pred_resting"": false, ""dist_to_ref"": 2824.267795259373}, ""+10s"": {""pred_xy"": [-3210.239705841279, 605.5585700749252], ""pred_energy"": 11.794130424574027, ""pred_resting"": false, ""dist_to_ref"": 3266.854779562613}}","[-3210.239705841279, 605.5585700749252]",2330.3219274569788,0,0,0.18812439998146147,d4d092913738cec7,24fbbcda605ea36a,valid
80,300,200,S15_D0,15.0,0.0,1,energy_death,23.0,False,230,100,18.0,13.5,6.1,7.4,0,6.1,3.4,0,0,0,196,74,0,0,False,False,17.0,13.5,17.0,6.6,6.6,23.0,,,67.72199645329137,False,,277.5,0.0,2367.549919663559,2296.8080757688485,,,,,"{""+1s"": {""pred_xy"": [-2378.975754810216, -266.40117428261965], ""pred_energy"": 62.156994698212856, ""pred_resting"": false, ""dist_to_ref"": 2393.8452806382447}, ""+5s"": {""pred_xy"": [-2680.3066405410773, -584.7489760910366], ""pred_energy"": 39.82291090888751, ""pred_resting"": false, ""dist_to_ref"": 2743.3510625452427}, ""+10s"": {""pred_xy"": [-3199.148331319573, -743.512405593623], ""pred_energy"": 11.917111656741591, ""pred_resting"": false, ""dist_to_ref"": 3284.4117803735307}}","[-3199.148331319573, -743.512405593623]",2306.6704411181113,0,0,0.26196020003408194,9f0af37d0cbe8c79,8f368668be7679b5,valid
80,300,200,S15_D0,15.0,0.0,2,energy_death,23.0,False,230,100,18.0,13.5,6.1,7.4,0,6.1,3.4,0,0,0,196,74,0,0,False,False,17.0,13.5,17.0,6.6,6.6,23.0,,,67.72084574937428,False,,277.5,0.0,2405.746610213765,2325.74771533118,,,,,"{""+1s"": {""pred_xy"": [-2433.106194093177, 18.75237186442064], ""pred_energy"": 62.13499430890856, ""pred_resting"": false, ""dist_to_ref"": 2433.178456912917}, ""+5s"": {""pred_xy"": [-2864.2279095780423, 87.15006994749456], ""pred_energy"": 39.82678636385721, ""pred_resting"": false, ""dist_to_ref"": 2865.553463590874}, ""+10s"": {""pred_xy"": [-3364.770581094631, 303.7066922128106], ""pred_energy"": 11.932648484450866, ""pred_resting"": false, ""dist_to_ref"": 3378.449173555042}}","[-3364.770581094631, 303.7066922128106]",2336.7436850855797,0,0,0.20286349998787045,b3f8d709b6165653,7e7c0af303745526,valid
80,300,200,S15_D+15,15.0,15.0,0,energy_death,22.9,False,229,100,64.82292549678267,13.5,0.5,13.0,0,6.0,3.4,0,0,0,195,130,0,135,False,False,17.0,13.5,17.0,6.6,6.6,22.9,,,67.95508565462768,False,,277.0,0.30484348305544273,2245.1218906272416,2189.5175365529453,,,,,"{""+1s"": {""pred_xy"": [-2230.024426919611, 414.54210596486155], ""pred_energy"": 62.3668140155915, ""pred_resting"": false, ""dist_to_ref"": 2268.227083489641}, ""+5s"": {""pred_xy"": [-2442.103698448863, 799.2714864420395], ""pred_energy"": 40.03645356405755, ""pred_resting"": false, ""dist_to_ref"": 2569.572996242154}, ""+10s"": {""pred_xy"": [-2561.5232550159126, 1331.7717030507883], ""pred_energy"": 12.110588033395166, ""pred_resting"": false, ""dist_to_ref"": 2887.0429950096195}}","[-2561.5232550159126, 1331.7717030507883]",2196.4696913182765,0,0,0.22816079994663596,caa488f093d5f686,0879f77aaefd8aab,valid
80,300,200,S15_D+15,15.0,15.0,1,energy_death,22.9,False,229,100,64.82292549678267,13.5,0.5,13.0,0,6.0,3.4,0,0,0,195,130,0,135,False,False,17.0,13.5,17.0,6.6,6.6,22.9,,,68.0522653808548,False,,277.0,0.30484348305544273,2324.392828545284,2249.495853587742,,,,,"{""+1s"": {""pred_xy"": [-2353.93670981763, 155.84968539875626], ""pred_energy"": 62.48278341163117, ""pred_resting"": false, ""dist_to_ref"": 2359.0903243127295}, ""+5s"": {""pred_xy"": [-2781.9908812461454, 61.267144844926406], ""pred_energy"": 40.14590780464936, ""pred_resting"": false, ""dist_to_ref"": 2782.665435580453}, ""+10s"": {""pred_xy"": [-3300.521114863116, 218.54193760424096], ""pred_energy"": 12.234707809611555, ""pred_resting"": false, ""dist_to_ref"": 3307.7485104144607}}","[-3300.521114863116, 218.54193760424096]",2260.463811970281,0,0,0.24591299996245652,543b3f355a7a41dc,753f30ac90a1ec17,valid
80,300,200,S15_D+15,15.0,15.0,2,energy_death,22.9,False,229,100,64.82292549678267,13.5,0.5,13.0,0,6.0,3.4,0,0,0,195,130,0,135,False,False,17.0,13.5,17.0,6.6,6.6,22.9,,,68.04906620494674,False,,277.0,0.30484348305544273,2242.7438000230422,2188.987586313604,,,,,"{""+1s"": {""pred_xy"": [-2241.761403652088, 412.9334625614283], ""pred_energy"": 62.462231220306116, ""pred_resting"": false, ""dist_to_ref"": 2279.4754298757316}, ""+5s"": {""pred_xy"": [-2560.773157866888, 710.9884757426462], ""pred_energy"": 40.15267694638319, ""pred_resting"": false, ""dist_to_ref"": 2657.642522742742}, ""+10s"": {""pred_xy"": [-2854.6269350921857, 1170.3200450676104], ""pred_energy"": 12.249866479036566, ""pred_resting"": false, ""dist_to_ref"": 3085.2137602507964}}","[-2854.6269350921857, 1170.3200450676104]",2199.4020992174183,0,0,0.29169520002324134,d1c4344f13f89b19,6e62199ec0d9ec55,valid
80,300,200,S15_D-15,15.0,-15.0,0,energy_death,22.9,False,229,100,64.82292549678267,13.5,0.5,13.0,0,6.0,3.4,0,0,0,195,130,0,135,False,False,17.0,13.5,17.0,6.6,6.6,22.9,,,67.95508565462768,False,,277.0,0.30484348305544273,2231.306655219185,2179.000010977484,,,,,"{""+1s"": {""pred_xy"": [-2257.622297300808, -373.87061161941347], ""pred_energy"": 62.3668140155915, ""pred_resting"": false, ""dist_to_ref"": 2288.3700905890314}, ""+5s"": {""pred_xy"": [-2693.485140953837, -428.80598398936945], ""pred_energy"": 40.03645356405755, ""pred_resting"": false, ""dist_to_ref"": 2727.404769454692}, ""+10s"": {""pred_xy"": [-3232.4306212161064, -343.04305211371957], ""pred_energy"": 12.110588033395166, ""pred_resting"": false, ""dist_to_ref"": 3250.582448820371}}","[-3232.4306212161064, -343.04305211371957]",2189.999861084607,0,0,0.24701950000599027,f3a91acce2cea789,d3875405d69dda9f,valid
80,300,200,S15_D-15,15.0,-15.0,1,energy_death,22.9,False,229,100,64.82292549678267,13.5,0.5,13.0,0,6.0,3.4,0,0,0,195,130,0,135,False,False,17.0,13.5,17.0,6.6,6.6,22.9,,,68.0522653808548,False,,277.0,0.30484348305544273,2098.4381489603174,2075.7560584664056,,,,,"{""+1s"": {""pred_xy"": [-2063.0121566834405, -584.5906046913542], ""pred_energy"": 62.48278341163117, ""pred_resting"": false, ""dist_to_ref"": 2144.2400364038217}, ""+5s"": {""pred_xy"": [-2133.267029030728, -1017.3035390559671], ""pred_energy"": 40.14590780464936, ""pred_resting"": false, ""dist_to_ref"": 2363.415898170566}, ""+10s"": {""pred_xy"": [-2470.986839655865, -1441.0420116114774], ""pred_energy"": 12.234707809611555, ""pred_resting"": false, ""dist_to_ref"": 2860.4856302701}}","[-2470.986839655865, -1441.0420116114774]",2083.3324956895954,0,0,0.2553129999432713,3b6f21ae38bd9255,ad03c1441434a951,valid
80,300,200,S15_D-15,15.0,-15.0,2,energy_death,22.9,False,229,100,64.82292549678267,13.5,0.5,13.0,0,6.0,3.4,0,0,0,195,130,0,135,False,False,17.0,13.5,17.0,6.6,6.6,22.9,,,68.04906620494674,False,,277.0,0.30484348305544273,2241.58621451413,2188.1080446473075,,,,,"{""+1s"": {""pred_xy"": [-2260.463720849889, -385.37151022050784], ""pred_energy"": 62.462231220306116, ""pred_resting"": false, ""dist_to_ref"": 2293.0781570125687}, ""+5s"": {""pred_xy"": [-2655.2909083320137, -571.6959107551975], ""pred_energy"": 40.15267694638319, ""pred_resting"": false, ""dist_to_ref"": 2716.1380712778328}, ""+10s"": {""pred_xy"": [-3190.68960050023, -675.0582510570321], ""pred_energy"": 12.249866479036566, ""pred_resting"": false, ""dist_to_ref"": 3261.3193295138235}}","[-3190.68960050023, -675.0582510570321]",2197.476263231239,0,0,0.24755169998388737,3a39ba3cf166544b,80d888e8d3189809,valid
80,300,200,S20_D0,20.0,0.0,0,energy_death,20.1,False,201,100,80,0.0,0,3.0,0,17.1,0,0,0,0,201,30,0,0,False,False,3.1,not observed before death/horizon,not observed before death/horizon,3.7,3.7,20.1,,,28.164428534408366,False,,280.5,0.0,1906.397828212167,2057.7097553446556,,,,,"{""+1s"": {""pred_xy"": [-1881.4155360384993, -1042.9774753054417], ""pred_energy"": 22.590851301929725, ""pred_resting"": false, ""dist_to_ref"": 2151.168620364649}, ""+5s"": {""pred_xy"": [-2132.5273079583512, -1402.8532360012032], ""pred_energy"": 0.3098087168527904, ""pred_resting"": false, ""dist_to_ref"": 2552.581031220584}, ""+10s"": {""pred_xy"": [-2231.724283582789, -1547.6473876865703], ""pred_energy"": 93.38016825075692, ""pred_resting"": false, ""dist_to_ref"": 2715.8434628207456}}","[-2231.724283582789, -1547.6473876865703]",2066.356858771187,1,1,0.16542860004119575,f5539a3cc205dac1,84482b33890d370a,valid
80,300,200,S20_D0,20.0,0.0,1,energy_death,20.1,False,201,100,80,0.0,0,12.0,0,5.8,2.3,0,0,0,178,120,0,90,False,False,3.1,17.8,not observed before death/horizon,3.7,3.7,20.1,,,68.47447410012393,True,,280.5,0.0,2126.970728200775,2050.6266941045847,,,,,"{""+1s"": {""pred_xy"": [-2046.9707282007748, 122.39557370872535], ""pred_energy"": 98.47447410012393, ""pred_resting"": true, ""dist_to_ref"": 2050.6266941045847}, ""+5s"": {""pred_xy"": [-2235.455622764449, -254.64347454754534], ""pred_energy"": 79.71054219907882, ""pred_resting"": false, ""dist_to_ref"": 2249.9122517286837}, ""+10s"": {""pred_xy"": [-2510.966724553159, -709.1170473324773], ""pred_energy"": 51.75365747484352, ""pred_resting"": false, ""dist_to_ref"": 2609.1762835482677}}","[-2510.966724553159, -709.1170473324773]",2050.6266941045847,1,0,0.1856499999994412,b39702e10ba72d20,b1a67d7d785b2d5b,valid
80,300,200,S20_D0,20.0,0.0,2,energy_death,20.1,False,201,100,80,0.0,0,4.4,0,15.7,0,0,0,0,201,44,0,14,False,False,3.1,not observed before death/horizon,not observed before death/horizon,3.7,3.7,20.1,,,28.181538472958888,False,,280.5,0.0,2277.6001733271905,2203.2092722000684,,,,,"{""+1s"": {""pred_xy"": [-2277.3017870371395, 81.46547540570737], ""pred_energy"": 22.611511404359025, ""pred_resting"": false, ""dist_to_ref"": 2278.758445497378}, ""+5s"": {""pred_xy"": [-2529.597800000488, -273.96890216385054], ""pred_energy"": 0.347958346945049, ""pred_resting"": false, ""dist_to_ref"": 2544.390691132196}, ""+10s"": {""pred_xy"": [-2626.250124995624, -420.70428084905143], ""pred_energy"": 93.43953906045287, ""pred_resting"": false, ""dist_to_ref"": 2659.7334097544904}}","[-2626.250124995624, -420.70428084905143]",2210.091109502043,1,1,0.14314599998760968,afe52fa7c93b8b37,beae5f30bfdba8f8,valid
80,300,200,S20_D+15,20.0,15.0,0,energy_death,20.0,False,200,100,80,0.0,0,1.9,0,18.1,0,0,0,0,200,19,0,19,False,False,2.0,not observed before death/horizon,not observed before death/horizon,3.7,3.7,20.0,,,50.36253429960474,False,,280.0,0.10960236388575595,1667.6555882695366,2002.4125985765668,,,,,"{""+1s"": {""pred_xy"": [-1623.0590770625386, 1324.2004563168848], ""pred_energy"": 44.771223699101284, ""pred_resting"": false, ""dist_to_ref"": 2094.714208703647}, ""+5s"": {""pred_xy"": [-1726.1043629219976, 1747.9055363383668], ""pred_energy"": 22.448459901685986, ""pred_resting"": false, ""dist_to_ref"": 2456.544328047159}, ""+10s"": {""pred_xy"": [-1728.161593607928, 2196.856904346154], ""pred_energy"": 26.5561198879991, ""pred_resting"": true, ""dist_to_ref"": 2795.124818643142}}","[-1728.161593607928, 2196.856904346154]",2012.1446571700137,0,1,0.18761010002344847,e8bfc5ecf62655f6,8318eeab92b4a8ee,valid
80,300,200,S20_D+15,20.0,15.0,1,energy_death,20.0,False,200,100,80,0.0,0,1.9,0,18.1,0,0,0,0,200,19,0,19,False,False,2.0,not observed before death/horizon,not observed before death/horizon,3.7,3.7,20.0,,,50.44432345366658,False,,280.0,0.10960236388575595,2184.1049520305087,2108.872555588578,,,,,"{""+1s"": {""pred_xy"": [-2193.459817352764, -205.67716228701101], ""pred_energy"": 44.865786822447895, ""pred_resting"": false, ""dist_to_ref"": 2203.081720097477}, ""+5s"": {""pred_xy"": [-2590.0265945815654, -371.73038628245376], ""pred_energy"": 22.50366229691452, ""pred_resting"": false, ""dist_to_ref"": 2616.5666895237896}, ""+10s"": {""pred_xy"": [-3031.9323532495755, -409.8285892579588], ""pred_energy"": 26.631211001052762, ""pred_resting"": true, ""dist_to_ref"": 3059.5053958531726}}","[-3031.9323532495755, -409.8285892579588]",2118.074857153725,0,1,0.20821249997243285,8de754b31a8af58f,c6abe9333a7ce6df,valid
80,300,200,S20_D+15,20.0,15.0,2,energy_death,20.0,False,200,100,80,0.0,0,1.9,0,18.1,0,0,0,0,200,19,0,19,False,False,2.0,not observed before death/horizon,not observed before death/horizon,3.7,3.7,20.0,,,50.42521123681014,False,,280.0,0.10960236388575595,1683.7611739245067,1958.280791895683,,,,,"{""+1s"": {""pred_xy"": [-1655.1239523680224, 1220.9405700889529], ""pred_energy"": 44.84891541054008, ""pred_resting"": false, ""dist_to_ref"": 2056.7282692158146}, ""+5s"": {""pred_xy"": [-1841.518674404373, 1609.8397112675557], ""pred_energy"": 22.524442570956754, ""pred_resting"": false, ""dist_to_ref"": 2445.9711617584635}, ""+10s"": {""pred_xy"": [-1971.2401114516406, 2037.141531541347], ""pred_energy"": 26.676456522162862, ""pred_resting"": true, ""dist_to_ref"": 2834.736883120989}}","[-1971.2401114516406, 2037.141531541347]",1967.930849384634,0,1,0.19797859992831945,c22e123b07430855,88fa55ed878f23d0,valid
80,300,200,S20_D-15,20.0,-15.0,0,energy_death,20.0,False,200,100,80,0.0,0,1.9,0,18.1,0,0,0,0,200,19,0,19,False,False,2.0,not observed before death/horizon,not observed before death/horizon,3.7,3.7,20.0,,,50.36253429960474,False,,280.0,0.10960236388575595,2115.72354855528,2085.7103981030896,,,,,"{""+1s"": {""pred_xy"": [-2143.677411868597, -433.75650363068416], ""pred_energy"": 44.771223699101284, ""pred_resting"": false, ""dist_to_ref"": 2187.120835847339}, ""+5s"": {""pred_xy"": [-2563.456786676721, -315.7327676299974], ""pred_energy"": 22.448459901685986, ""pred_resting"": false, ""dist_to_ref"": 2582.8274967009}, ""+10s"": {""pred_xy"": [-2955.703538617515, -97.32020245562217], ""pred_energy"": 26.5561198879991, ""pred_resting"": true, ""dist_to_ref"": 2957.3052987478486}}","[-2955.703538617515, -97.32020245562217]",2096.2129360384138,0,1,0.20819829998072237,6ac68a32e193f1d0,8c493c62db5c18f6,valid
80,300,200,S20_D-15,20.0,-15.0,1,energy_death,20.0,False,200,100,80,0.0,0,1.9,0,18.1,0,0,0,0,200,19,0,19,False,False,2.0,not observed before death/horizon,not observed before death/horizon,3.7,3.7,20.0,,,50.44432345366658,False,,280.0,0.10960236388575595,1182.1476541502052,1919.8583044916807,,,,,"{""+1s"": {""pred_xy"": [-1090.243664273382, -1681.2178745180745], ""pred_energy"": 44.865786822447895, ""pred_resting"": false, ""dist_to_ref"": 2003.7776296503869}, ""+5s"": {""pred_xy"": [-1140.0482515764488, -2108.2522818958514], ""pred_energy"": 22.50366229691452, ""pred_resting"": false, ""dist_to_ref"": 2396.755661314182}, ""+10s"": {""pred_xy"": [-1323.5972008951412, -2512.0368232268875], ""pred_energy"": 26.631211001052762, ""pred_resting"": true, ""dist_to_ref"": 2839.40813400703}}","[-1323.5972008951412, -2512.0368232268875]",1927.9415336788336,0,1,0.25249650003388524,d5eac83e259b8d3b,a34380574e8f9b73,valid
80,300,200,S20_D-15,20.0,-15.0,2,energy_death,20.0,False,200,100,80,0.0,0,1.9,0,18.1,0,0,0,0,200,19,0,19,False,False,2.0,not observed before death/horizon,not observed before death/horizon,3.7,3.7,20.0,,,50.42521123681014,False,,280.0,0.10960236388575595,2039.5297809195263,2026.141110886353,,,,,"{""+1s"": {""pred_xy"": [-2069.4192479481944, -512.3471228121889], ""pred_energy"": 44.84891541054008, ""pred_resting"": false, ""dist_to_ref"": 2131.899528128002}, ""+5s"": {""pred_xy"": [-2499.74897449904, -484.02997501907976], ""pred_energy"": 22.524442570956754, ""pred_resting"": false, ""dist_to_ref"": 2546.179481542095}, ""+10s"": {""pred_xy"": [-2935.747057419104, -387.4889550900907], ""pred_energy"": 26.676456522162862, ""pred_resting"": true, ""dist_to_ref"": 2961.2089550488895}}","[-2935.747057419104, -387.4889550900907]",2036.612318420235,0,1,0.22367410000879318,540e2cbf701f5720,1026839089567eac,valid
120,150,101,S10_D0,10.0,0.0,0,captured,2.2,False,22,100,10.0,2.2,1.3,0.9,0,0,0,0,0,0,22,9,0,0,False,False,not observed before death/horizon,not observed before death/horizon,not observed before death/horizon,not observed before death/horizon,not observed before death/horizon,2.2,,,181.7000000000002,False,,11.0,0.0,330.0,210.0,44.90000000000006,181.7000000000002,"[-210.0, 0.0]",136.80000000000013,"{""+1s"": {""pred_xy"": [-319.79050629054746, -3.375178579291969], ""pred_energy"": 176.11896816549316, ""pred_resting"": false, ""dist_to_ref"": 319.8083171901675}, ""+5s"": {""pred_xy"": [-753.415309092069, -60.78903433386495], ""pred_energy"": 153.7913402805127, ""pred_resting"": false, ""dist_to_ref"": 755.8637011191513}, ""+10s"": {""pred_xy"": [-1296.9681971583577, 3.6979823398924054], ""pred_energy"": 125.88574528160137, ""pred_resting"": false, ""dist_to_ref"": 1296.9734690862365}}","[-1296.9681971583577, 3.6979823398924054]",221.0,0,0,0.03725839999970049,dcd3ab6fcd7141ab,e4aaef89ee84fc4c,valid
120,150,101,S10_D0,10.0,0.0,1,captured,2.2,False,22,100,10.0,2.2,1.3,0.9,0,0,0,0,0,0,22,9,0,0,False,False,not observed before death/horizon,not observed before death/horizon,not observed before death/horizon,not observed before death/horizon,not observed before death/horizon,2.2,,,181.7000000000002,False,,11.0,0.0,330.0,210.0,44.90000000000006,181.7000000000002,"[-210.0, 0.0]",136.80000000000013,"{""+1s"": {""pred_xy"": [-317.1025987361145, -22.517504840056063], ""pred_energy"": 176.13500562266486, ""pred_resting"": false, ""dist_to_ref"": 317.9010791888244}, ""+5s"": {""pred_xy"": [-731.2296510670667, -163.557119660235], ""pred_energy"": 153.80548530112605, ""pred_resting"": false, ""dist_to_ref"": 749.2981609421022}, ""+10s"": {""pred_xy"": [-1248.1333985728352, -345.9109993610582], ""pred_energy"": 125.85977788825063, ""pred_resting"": false, ""dist_to_ref"": 1295.1800647446446}}","[-1248.1333985728352, -345.9109993610582]",221.0,0,0,0.03563289996236563,dcd3ab6fcd7141ab,16963f7fb8f1980f,valid
120,150,101,S10_D0,10.0,0.0,2,captured,2.2,False,22,100,10.0,2.2,1.3,0.9,0,0,0,0,0,0,22,9,0,0,False,False,not observed before death/horizon,not observed before death/horizon,not observed before death/horizon,not observed before death/horizon,not observed before death/horizon,2.2,,,181.7000000000002,False,,11.0,0.0,330.0,210.0,44.90000000000006,181.7000000000002,"[-210.0, 0.0]",136.80000000000013,"{""+1s"": {""pred_xy"": [-319.03917010861187, -12.505178136800168], ""pred_energy"": 176.14729769069433, ""pred_resting"": false, ""dist_to_ref"": 319.2841548586852}, ""+5s"": {""pred_xy"": [-739.6425858206094, -21.492967710721132], ""pred_energy"": 153.7841096227643, ""pred_resting"": false, ""dist_to_ref"": 739.9547975521286}, ""+10s"": {""pred_xy"": [-1256.610959750201, 149.2018334041768], ""pred_energy"": 125.85800151876197, ""pred_resting"": false, ""dist_to_ref"": 1265.4375888424877}}","[-1256.610959750201, 149.2018334041768]",221.0,0,0,0.04249110003001988,dcd3ab6fcd7141ab,864013871d415767,valid
120,150,101,S10_D+15,10.0,15.0,0,captured,5.5,False,55,100,14.578595859948654,5.5,3.5,2.0,0,0,0,0,0,0,55,20,0,55,False,False,not observed before death/horizon,not observed before death/horizon,not observed before death/horizon,not observed before death/horizon,not observed before death/horizon,5.5,,,139.07662551447027,False,,27.5,0.3453511044779276,655.421404140714,535.4214041407321,22.42197661894788,139.07662551447027,"[-535.421404140714, -0.00013900090380047914]",116.65464889552239,"{""+1s"": {""pred_xy"": [-643.2799819375714, 19.85741190450335], ""pred_energy"": 133.49751369821743, ""pred_resting"": false, ""dist_to_ref"": 643.5863982163912}, ""+5s"": {""pred_xy"": [-1050.7564419788177, 177.16427621782168], ""pred_energy"": 111.16958277386743, ""pred_resting"": false, ""dist_to_ref"": 1065.5872939969627}, ""+10s"": {""pred_xy"": [-1545.590689480683, 408.64278602937884], ""pred_energy"": 83.23836370736828, ""pred_resting"": false, ""dist_to_ref"": 1598.6993169396258}}","[-1545.590689480683, 408.64278602937884]",546.4082305523779,0,0,0.06551210000179708,cf8318d06030b2b3,6e7474c89354e59d,valid
120,150,101,S10_D+15,10.0,15.0,1,captured,5.5,False,55,100,14.578595859948654,5.5,3.5,2.0,0,0,0,0,0,0,55,20,0,55,False,False,not observed before death/horizon,not observed before death/horizon,not observed before death/horizon,not observed before death/horizon,not observed before death/horizon,5.5,,,139.07662551447027,False,,27.5,0.3453511044779276,655.421404140714,535.4214041407321,22.42197661894788,139.07662551447027,"[-535.421404140714, -0.00013900090380047914]",116.65464889552239,"{""+1s"": {""pred_xy"": [-644.5880488895327, 12.132570098126052], ""pred_energy"": 133.50182731072735, ""pred_resting"": false, ""dist_to_ref"": 644.7022196552456}, ""+5s"": {""pred_xy"": [-1079.3751161262053, 64.75146483470053], ""pred_energy"": 111.15057095502799, ""pred_resting"": false, ""dist_to_ref"": 1081.3155846054835}, ""+10s"": {""pred_xy"": [-1627.084890037614, 90.87482263090442], ""pred_energy"": 83.25296036439316, ""pred_resting"": false, ""dist_to_ref"": 1629.6206530284626}}","[-1627.084890037614, 90.87482263090442]",546.4082305523779,0,0,0.0691763999639079,cf8318d06030b2b3,8b3c31c293b7e68c,valid
120,150,101,S10_D+15,10.0,15.0,2,captured,5.5,False,55,100,14.578595859948654,5.5,3.5,2.0,0,0,0,0,0,0,55,20,0,55,False,False,not observed before death/horizon,not observed before death/horizon,not observed before death/horizon,not observed before death/horizon,not observed before death/horizon,5.5,,,139.07662551447027,False,,27.5,0.3453511044779276,655.421404140714,535.4214041407321,22.42197661894788,139.07662551447027,"[-535.421404140714, -0.00013900090380047914]",116.65464889552239,"{""+1s"": {""pred_xy"": [-641.8038328206349, 26.068315270108542], ""pred_energy"": 133.46216894219208, ""pred_resting"": false, ""dist_to_ref"": 642.3330264623478}, ""+5s"": {""pred_xy"": [-998.5954463485741, 279.34165233921703], ""pred_energy"": 111.1490698888428, ""pred_resting"": false, ""dist_to_ref"": 1036.9303854163556}, ""+10s"": {""pred_xy"": [-1356.3282393053778, 692.0303577894083], ""pred_energy"": 83.25103470815311, ""pred_resting"": false, ""dist_to_ref"": 1522.6727517228917}}","[-1356.3282393053778, 692.0303577894083]",546.4082305523779,0,0,0.06644460000097752,cf8318d06030b2b3,e5715831b609094b,valid
120,150,101,S10_D-15,10.0,-15.0,0,captured,5.5,False,55,100,14.578595859948654,5.5,3.5,2.0,0,0,0,0,0,0,55,20,0,55,False,False,not observed before death/horizon,not observed before death/horizon,not observed before death/horizon,not observed before death/horizon,not observed before death/horizon,5.5,,,139.07662551447027,False,,27.5,0.3453511044779276,655.421404140714,535.4214041407321,22.42197661894788,139.07662551447027,"[-535.421404140714, 0.00013900090380047914]",116.65464889552239,"{""+1s"": {""pred_xy"": [-644.7135462964316, 9.111823550742884], ""pred_energy"": 133.49751369821743, ""pred_resting"": false, ""dist_to_ref"": 644.7779323973028}, ""+5s"": {""pred_xy"": [-1065.7300565108262, 125.4200914198982], ""pred_energy"": 111.16958277386743, ""pred_resting"": false, ""dist_to_ref"": 1073.0846903587546}, ""+10s"": {""pred_xy"": [-1581.000495332276, 306.91281271214575], ""pred_energy"": 83.23836370736828, ""pred_resting"": false, ""dist_to_ref"": 1610.5148372019994}}","[-1581.000495332276, 306.91281271214575]",546.4082305523779,0,0,0.06745420000515878,ca3a60c1938e24e9,49a1d189e12eaee5,valid
120,150,101,S10_D-15,10.0,-15.0,1,captured,5.5,False,55,100,14.578595859948654,5.5,3.5,2.0,0,0,0,0,0,0,55,20,0,55,False,False,not observed before death/horizon,not observed before death/horizon,not observed before death/horizon,not observed before death/horizon,not observed before death/horizon,5.5,,,139.07662551447027,False,,27.5,0.3453511044779276,655.421404140714,535.4214041407321,22.42197661894788,139.07662551447027,"[-535.421404140714, 0.00013900090380047914]",116.65464889552239,"{""+1s"": {""pred_xy"": [-645.2525508775843, 1.295578023260532], ""pred_energy"": 133.50182731072735, ""pred_resting"": false, ""dist_to_ref"": 645.2538515471596}, ""+5s"": {""pred_xy"": [-1083.1104217118645, 10.730983050838404], ""pred_energy"": 111.15057095502799, ""pred_resting"": false, ""dist_to_ref"": 1083.1635793443622}, ""+10s"": {""pred_xy"": [-1630.7233939448897, -17.348527321451], ""pred_energy"": 83.25296036439316, ""pred_resting"": false, ""dist_to_ref"": 1630.8156728948134}}","[-1630.7233939448897, -17.348527321451]",546.4082305523779,0,0,0.08108280005399138,ca3a60c1938e24e9,603c88c3a5ff6f51,valid
120,150,101,S10_D-15,10.0,-15.0,2,captured,5.5,False,55,100,14.578595859948654,5.5,3.5,2.0,0,0,0,0,0,0,55,20,0,55,False,False,not observed before death/horizon,not observed before death/horizon,not observed before death/horizon,not observed before death/horizon,not observed before death/horizon,5.5,,,139.07662551447027,False,,27.5,0.3453511044779276,655.421404140714,535.4214041407321,22.42197661894788,139.07662551447027,"[-535.421404140714, 0.00013900090380047914]",116.65464889552239,"{""+1s"": {""pred_xy"": [-643.8578100216328, 15.43812201511355], ""pred_energy"": 133.46216894219208, ""pred_resting"": false, ""dist_to_ref"": 644.0428674686232}, ""+5s"": {""pred_xy"": [-1023.9118491552435, 232.24809893551537], ""pred_energy"": 111.1490698888428, ""pred_resting"": false, ""dist_to_ref"": 1049.9212609999242}, ""+10s"": {""pred_xy"": [-1420.64150531217, 607.601663842579], ""pred_energy"": 83.25103470815311, ""pred_resting"": false, ""dist_to_ref"": 1545.1220238285061}}","[-1420.64150531217, 607.601663842579]",546.4082305523779,0,0,0.0684445999795571,ca3a60c1938e24e9,d8d0a0f1a3c74211,valid
120,150,101,S15_D0,15.0,0.0,0,captured,9.5,False,95,100,14.0,9.5,6.5,3.0,0,0,0,0,0,0,95,30,0,0,False,False,not observed before death/horizon,not observed before death/horizon,not observed before death/horizon,1.8,1.8,9.5,,,51.250000000000455,False,,90.0,0.0,1141.0,1021.0,0.7500000000000793,51.250000000000455,"[-1021.0, 0.0]",50.50000000000038,"{""+1s"": {""pred_xy"": [-1130.3881095172837, -9.68942036351109], ""pred_energy"": 45.678756907110085, ""pred_resting"": false, ""dist_to_ref"": 1130.4296364679403}, ""+5s"": {""pred_xy"": [-1544.8086669601516, 71.32044742783182], ""pred_energy"": 23.310779447335456, ""pred_resting"": false, ""dist_to_ref"": 1546.4541453714387}, ""+10s"": {""pred_xy"": [-1956.1959420527492, 274.99113170612327], ""pred_energy"": 23.819402840658046, ""pred_resting"": true, ""dist_to_ref"": 1975.429747224805}}","[-1956.1959420527492, 274.99113170612327]",1032.0,0,1,0.10078759992029518,14b7f0ca2bb41cfe,37d96b112a9a38f9,valid
120,150,101,S15_D0,15.0,0.0,1,captured,9.5,False,95,100,14.0,9.5,6.5,3.0,0,0,0,0,0,0,95,30,0,0,False,False,not observed before death/horizon,not observed before death/horizon,not observed before death/horizon,1.8,1.8,9.5,,,51.250000000000455,False,,90.0,0.0,1141.0,1021.0,0.7500000000000793,51.250000000000455,"[-1021.0, 0.0]",50.50000000000038,"{""+1s"": {""pred_xy"": [-1130.4558879590886, 9.794942119810003], ""pred_energy"": 45.67586284182215, ""pred_resting"": false, ""dist_to_ref"": 1130.4983217645668}, ""+5s"": {""pred_xy"": [-1557.974230076601, -69.70687026093128], ""pred_energy"": 23.345454140598278, ""pred_resting"": false, ""dist_to_ref"": 1559.532862540688}, ""+10s"": {""pred_xy"": [-2001.8397509281476, -178.44247616333723], ""pred_energy"": 23.902946373701553, ""pred_resting"": true, ""dist_to_ref"": 2009.777128364081}}","[-2001.8397509281476, -178.44247616333723]",1032.0,0,1,0.09831609996035695,14b7f0ca2bb41cfe,a523bcd8c56693ac,valid
120,150,101,S15_D0,15.0,0.0,2,captured,9.5,False,95,100,14.0,9.5,6.5,3.0,0,0,0,0,0,0,95,30,0,0,False,False,not observed before death/horizon,not observed before death/horizon,not observed before death/horizon,1.8,1.8,9.5,,,51.250000000000455,False,,90.0,0.0,1141.0,1021.0,0.7500000000000793,51.250000000000455,"[-1021.0, 0.0]",50.50000000000038,"{""+1s"": {""pred_xy"": [-1127.4952176058387, 22.026691547606788], ""pred_energy"": 45.66237742482914, ""pred_resting"": false, ""dist_to_ref"": 1127.7103532665517}, ""+5s"": {""pred_xy"": [-1551.3034603311016, 51.43672170370064], ""pred_energy"": 23.342657236967657, ""pred_resting"": false, ""dist_to_ref"": 1552.1559723091214}, ""+10s"": {""pred_xy"": [-1957.097960775688, -158.04290857114756], ""pred_energy"": 23.90484956857277, ""pred_resting"": true, ""dist_to_ref"": 1963.468866323575}}","[-1957.097960775688, -158.04290857114756]",1032.0,0,1,0.10737530002370477,14b7f0ca2bb41cfe,fc88aed0e83b9d4f,valid
120,150,101,S15_D+15,15.0,15.0,0,energy_death,17.9,False,179,100,67.40822546068084,9.6,0.4,9.2,0,4.9,3.4,0,0,0,145,92,0,96,False,False,13.1,9.6,13.1,1.8,1.8,17.9,,,74.61001074964057,False,,132.0,0.2929805837530992,1471.5163214582817,1397.7891053924166,,,,,"{""+1s"": {""pred_xy"": [-1420.9046147475774, 441.4861733524758], ""pred_energy"": 69.03580343817428, ""pred_resting"": false, ""dist_to_ref"": 1487.9112760754163}, ""+5s"": {""pred_xy"": [-1683.3912619328103, 778.1822263865597], ""pred_energy"": 46.64954681919705, ""pred_resting"": false, ""dist_to_ref"": 1854.5548571599822}, ""+10s"": {""pred_xy"": [-1814.8709921950058, 1308.999390601699], ""pred_energy"": 18.75983337617872, ""pred_resting"": false, ""dist_to_ref"": 2237.685438775188}}","[-1814.8709921950058, 1308.999390601699]",1407.691413532103,0,0,0.18952419993001968,fd840cb4a027c4ba,69452973995813e6,valid
120,150,101,S15_D+15,15.0,15.0,1,energy_death,17.9,False,179,100,67.40822546068084,9.6,0.4,9.2,0,4.9,3.4,0,0,0,145,92,0,96,False,False,13.1,9.6,13.1,1.8,1.8,17.9,,,74.6458102395712,False,,132.0,0.2929805837530992,1494.8751283595848,1415.493279964375,,,,,"{""+1s"": {""pred_xy"": [-1466.7438422767946, 396.70184471983157], ""pred_energy"": 69.06599455172571, ""pred_resting"": false, ""dist_to_ref"": 1519.4439286992501}, ""+5s"": {""pred_xy"": [-1872.9983797238037, 558.1134758911576], ""pred_energy"": 46.75622853801277, ""pred_resting"": false, ""dist_to_ref"": 1954.3831718522608}, ""+10s"": {""pred_xy"": [-2407.888685990245, 639.6304833490485], ""pred_energy"": 18.811640172930403, ""pred_resting"": false, ""dist_to_ref"": 2491.3962108322244}}","[-2407.888685990245, 639.6304833490485]",1425.4320752827678,0,0,0.18229100003372878,c1528058afbe8da0,61e1a66118dcd0fd,valid
120,150,101,S15_D+15,15.0,15.0,2,energy_death,17.9,False,179,100,67.40822546068084,9.6,0.4,9.2,0,4.9,3.4,0,0,0,145,92,0,96,False,False,13.1,9.6,13.1,1.8,1.8,17.9,,,74.65036995513127,False,,132.0,0.2929805837530992,1450.7833687839557,1382.4985352018782,,,,,"{""+1s"": {""pred_xy"": [-1392.037525246249, 465.784224971967], ""pred_energy"": 69.0658430087014, ""pred_resting"": false, ""dist_to_ref"": 1467.8976176581382}, ""+5s"": {""pred_xy"": [-1644.1466607703996, 821.0220656097645], ""pred_energy"": 46.728005054292474, ""pred_resting"": false, ""dist_to_ref"": 1837.7419498777788}, ""+10s"": {""pred_xy"": [-1887.3992492202678, 1309.098979994562], ""pred_energy"": 18.83555548226252, ""pred_resting"": false, ""dist_to_ref"": 2296.958002528569}}","[-1887.3992492202678, 1309.098979994562]",1391.0590587329477,0,0,0.2607366000302136,37bd2459d9342e12,1da22839b774c39d,valid
120,150,101,S15_D-15,15.0,-15.0,0,energy_death,17.9,False,179,100,67.40822546068084,9.6,0.4,9.2,0,4.9,3.4,0,0,0,145,92,0,96,False,False,13.1,9.6,13.1,1.8,1.8,17.9,,,74.61001074964057,False,,132.0,0.2929805837530992,1565.5929314769,1465.7045560576714,,,,,"{""+1s"": {""pred_xy"": [-1542.3412693692817, -293.42393656739114], ""pred_energy"": 69.03580343817428, ""pred_resting"": false, ""dist_to_ref"": 1570.004521570034}, ""+5s"": {""pred_xy"": [-1923.8922673774641, -484.95019585899263], ""pred_energy"": 46.64954681919705, ""pred_resting"": false, ""dist_to_ref"": 1984.0711048091182}, ""+10s"": {""pred_xy"": [-2470.175605416306, -510.0160267122601], ""pred_energy"": 18.75983337617872, ""pred_resting"": false, ""dist_to_ref"": 2522.2775162731746}}","[-2470.175605416306, -510.0160267122601]",1475.3793509772684,0,0,0.24087849992793053,4ba3b5da969edc5e,6ba9b781904d0f6c,valid
120,150,101,S15_D-15,15.0,-15.0,1,energy_death,17.9,False,179,100,67.40822546068084,9.6,0.4,9.2,0,4.9,3.4,0,0,0,145,92,0,96,False,False,13.1,9.6,13.1,1.8,1.8,17.9,,,74.6458102395712,False,,132.0,0.2929805837530992,1550.5339774622353,1455.568401891737,,,,,"{""+1s"": {""pred_xy"": [-1507.3927177341948, -347.1405039387546], ""pred_energy"": 69.06599455172571, ""pred_resting"": false, ""dist_to_ref"": 1546.8481938939367}, ""+5s"": {""pred_xy"": [-1745.1810068448412, -713.9554347083567], ""pred_energy"": 46.75622853801277, ""pred_resting"": false, ""dist_to_ref"": 1885.5739469460148}, ""+10s"": {""pred_xy"": [-1929.7911265269313, -1222.5532777569315], ""pred_energy"": 18.811640172930403, ""pred_resting"": false, ""dist_to_ref"": 2284.45405052855}}","[-1929.7911265269313, -1222.5532777569315]",1465.2132294012724,0,0,0.21209479996468872,9ad6f1e45beeabc6,ca7fa37bd987410d,valid
120,150,101,S15_D-15,15.0,-15.0,2,energy_death,17.9,False,179,100,67.40822546068084,9.6,0.4,9.2,0,4.9,3.4,0,0,0,145,92,0,96,False,False,13.1,9.6,13.1,1.8,1.8,17.9,,,74.65036995513127,False,,132.0,0.2929805837530992,1579.1033776328977,1475.3188548589867,,,,,"{""+1s"": {""pred_xy"": [-1560.5207649486274, -260.36020856734103], ""pred_energy"": 69.0658430087014, ""pred_resting"": false, ""dist_to_ref"": 1582.0911781692857}, ""+5s"": {""pred_xy"": [-1958.2243799646703, -438.0812659547837], ""pred_energy"": 46.728005054292474, ""pred_resting"": false, ""dist_to_ref"": 2006.6284952298877}, ""+10s"": {""pred_xy"": [-2484.465833745937, -581.1226182453756], ""pred_energy"": 18.83555548226252, ""pred_resting"": false, ""dist_to_ref"": 2551.5238537954633}}","[-2484.465833745937, -581.1226182453756]",1485.9243644826092,0,0,0.18648250005207956,24454ee015f2efca,aed69decc66b29d8,valid
120,150,101,S20_D0,20.0,0.0,0,energy_death,17.6,False,176,100,17.0,9.7,6.2,3.5,0,4.5,3.4,0,0,0,142,35,0,0,False,False,13.2,9.7,13.2,1.0,1.0,17.6,,,76.51553970375498,False,,133.0,0.0,1589.3343465258504,1487.8635339603593,,,,,"{""+1s"": {""pred_xy"": [-1570.207954113981, 277.4849479257482], ""pred_energy"": 70.92204171767334, ""pred_resting"": false, ""dist_to_ref"": 1594.5378375843482}, ""+5s"": {""pred_xy"": [-1937.632854348224, 516.6378756281865], ""pred_energy"": 48.55969241387766, ""pred_resting"": false, ""dist_to_ref"": 2005.3268493647743}, ""+10s"": {""pred_xy"": [-2322.2029850867357, 902.6036704277321], ""pred_energy"": 20.72368543708886, ""pred_resting"": false, ""dist_to_ref"": 2491.4493953952506}}","[-2322.2029850867357, 902.6036704277321]",1498.5807973961694,0,0,0.18216059997212142,0255d4fa5f1e454e,30933a9b8f3ee013,valid
120,150,101,S20_D0,20.0,0.0,1,energy_death,17.6,False,176,100,17.0,9.7,6.2,3.5,0,4.5,3.4,0,0,0,142,35,0,0,False,False,13.2,9.7,13.2,1.0,1.0,17.6,,,76.53932070439681,False,,133.0,0.0,1651.2432627411636,1532.6660513198572,,,,,"{""+1s"": {""pred_xy"": [-1640.3978317294996, -57.03156124472207], ""pred_energy"": 70.96188998102572, ""pred_resting"": false, ""dist_to_ref"": 1641.388937857464}, ""+5s"": {""pred_xy"": [-2074.2455434872018, -99.81595332287725], ""pred_energy"": 48.6676280518774, ""pred_resting"": false, ""dist_to_ref"": 2076.6458049494795}, ""+10s"": {""pred_xy"": [-2574.3054585212276, -318.34066681205877], ""pred_energy"": 20.815368579541744, ""pred_resting"": false, ""dist_to_ref"": 2593.913910275076}}","[-2574.3054585212276, -318.34066681205877]",1543.6654261364222,0,0,0.15147559996694326,4d197d5e57e397c3,6fba8832c907ea77,valid
120,150,101,S20_D0,20.0,0.0,2,energy_death,17.6,False,176,100,17.0,9.7,6.2,3.5,0,4.5,3.4,0,0,0,142,35,0,0,False,False,13.2,9.7,13.2,1.0,1.0,17.6,,,76.54952890527817,False,,133.0,0.0,1631.3803258226362,1516.7383437322817,,,,,"{""+1s"": {""pred_xy"": [-1603.718077341593, -187.00498842422257], ""pred_energy"": 70.96258145675964, ""pred_resting"": false, ""dist_to_ref"": 1614.5843233748305}, ""+5s"": {""pred_xy"": [-1957.1456831416235, -444.79073427759977], ""pred_energy"": 48.650307769676054, ""pred_resting"": false, ""dist_to_ref"": 2007.0520726526001}, ""+10s"": {""pred_xy"": [-2452.6898473452375, -669.7439022005383], ""pred_energy"": 20.807637392551847, ""pred_resting"": false, ""dist_to_ref"": 2542.4878331675864}}","[-2452.6898473452375, -669.7439022005383]",1526.092298843145,0,0,0.21040969993919134,5e6cc01a08fd571f,9bc33d0afbe751c2,valid
120,150,101,S20_D+15,20.0,15.0,0,energy_death,17.5,False,175,100,88.47199098423633,9.7,0,9.7,0,4.4,3.4,0,0,0,141,97,0,97,False,False,13.2,9.7,13.2,1.0,1.0,17.5,,,76.9139468734425,False,,132.5,0.1437264987391842,1157.2672317042452,1112.224219575553,,,,,"{""+1s"": {""pred_xy"": [-1054.0916054310692, 509.91527671054246], ""pred_energy"": 71.31401328509506, ""pred_resting"": false, ""dist_to_ref"": 1170.9494874088455}, ""+5s"": {""pred_xy"": [-1048.1398463685427, 948.1816974931226], ""pred_energy"": 48.9624205969458, ""pred_resting"": false, ""dist_to_ref"": 1413.3809355606902}, ""+10s"": {""pred_xy"": [-928.5234101743235, 1479.5325563454517], ""pred_energy"": 21.12129462069103, ""pred_resting"": false, ""dist_to_ref"": 1746.7605183676044}}","[-928.5234101743235, 1479.5325563454517]",1117.3957430525634,0,0,0.13854600000195205,54cd7d8ae4aff7e5,86828b19d7666800,valid
120,150,101,S20_D+15,20.0,15.0,1,energy_death,17.5,False,175,100,88.47199098423633,9.7,0,9.7,0,4.4,3.4,0,0,0,141,97,0,97,False,False,13.2,9.7,13.2,1.0,1.0,17.5,,,76.92913773751833,False,,132.5,0.1437264987391842,1439.305745038775,1352.184226583454,,,,,"{""+1s"": {""pred_xy"": [-1371.5169198270241, 392.5656819836331], ""pred_energy"": 71.35923749401317, ""pred_resting"": false, ""dist_to_ref"": 1426.5926103983165}, ""+5s"": {""pred_xy"": [-1634.4502734889074, 740.2410525278028], ""pred_energy"": 49.06088566214522, ""pred_resting"": false, ""dist_to_ref"": 1794.264337369339}, ""+10s"": {""pred_xy"": [-2082.9956802260776, 1052.0196263761263], ""pred_energy"": 21.208683517179054, ""pred_resting"": false, ""dist_to_ref"": 2333.584431324709}}","[-2082.9956802260776, 1052.0196263761263]",1360.3885465387948,0,0,0.14611229998990893,7fae459add009383,6f6f2f7ab569e73e,valid
120,150,101,S20_D+15,20.0,15.0,2,energy_death,17.5,False,175,100,88.47199098423633,9.7,0,9.7,0,4.4,3.4,0,0,0,141,97,0,97,False,False,13.2,9.7,13.2,1.0,1.0,17.5,,,76.94815331091863,False,,132.5,0.1437264987391842,1477.1066828110934,1380.1820202495408,,,,,"{""+1s"": {""pred_xy"": [-1456.7516149126232, 297.7222383617591], ""pred_energy"": 71.36111777824827, ""pred_resting"": false, ""dist_to_ref"": 1486.8637458643182}, ""+5s"": {""pred_xy"": [-1863.1234353853715, 459.77665716125375], ""pred_energy"": 49.050911073484656, ""pred_resting"": false, ""dist_to_ref"": 1919.0162870472375}, ""+10s"": {""pred_xy"": [-2316.587465069434, 760.8949489594233], ""pred_energy"": 21.200242455325867, ""pred_resting"": false, ""dist_to_ref"": 2438.3475155663905}}","[-2316.587465069434, 760.8949489594233]",1390.850673360631,0,0,0.13468010001815856,0a121f088cefcacf,192b9351f8c3c0a8,valid
120,150,101,S20_D-15,20.0,-15.0,0,energy_death,17.5,False,175,100,88.47199098423633,9.7,0,9.7,0,4.4,3.4,0,0,0,141,97,0,97,False,False,13.2,9.7,13.2,1.0,1.0,17.5,,,76.91394687344248,False,,132.5,0.1437264987391842,1545.8861244542886,1434.579924153828,,,,,"{""+1s"": {""pred_xy"": [-1516.2463411997423, -220.1016234369572], ""pred_energy"": 71.31401328509504, ""pred_resting"": false, ""dist_to_ref"": 1532.1382743868746}, ""+5s"": {""pred_xy"": [-1913.361232314276, -405.6080715098151], ""pred_energy"": 48.96242059694578, ""pred_resting"": false, ""dist_to_ref"": 1955.8806489653493}, ""+10s"": {""pred_xy"": [-2443.77051680549, -529.3328383773651], ""pred_energy"": 21.121294620691017, ""pred_resting"": false, ""dist_to_ref"": 2500.4414795376456}}","[-2443.77051680549, -529.3328383773651]",1444.462617476536,0,0,0.1492024000035599,7c58c20e471e60a9,4964e84e558a3e59,valid
120,150,101,S20_D-15,20.0,-15.0,1,energy_death,17.5,False,175,100,88.47199098423633,9.7,0,9.7,0,4.4,3.4,0,0,0,141,97,0,97,False,False,13.2,9.7,13.2,1.0,1.0,17.5,,,76.92913773751832,False,,132.5,0.1437264987391842,1328.5138750719589,1262.6752619213817,,,,,"{""+1s"": {""pred_xy"": [-1272.3713491871204, -454.73910099070144], ""pred_energy"": 71.35923749401316, ""pred_resting"": false, ""dist_to_ref"": 1351.1907712096336}, ""+5s"": {""pred_xy"": [-1470.838175963795, -842.840930953027], ""pred_energy"": 49.0608856621452, ""pred_resting"": false, ""dist_to_ref"": 1695.21260459043}, ""+10s"": {""pred_xy"": [-1556.1573942589275, -1382.3958327057744], ""pred_energy"": 21.20868351717904, ""pred_resting"": false, ""dist_to_ref"": 2081.500438142886}}","[-1556.1573942589275, -1382.3958327057744]",1270.5589921192095,0,0,0.13657339999917895,7c8bb123286cffa0,8a9c3b6a26945f31,valid
120,150,101,S20_D-15,20.0,-15.0,2,energy_death,17.5,False,175,100,88.47199098423633,9.7,0,9.7,0,4.4,3.4,0,0,0,141,97,0,97,False,False,13.2,9.7,13.2,1.0,1.0,17.5,,,76.94815331091861,False,,132.5,0.1437264987391842,1271.5028660913085,1212.6640362417697,,,,,"{""+1s"": {""pred_xy"": [-1149.8747181552117, -490.1623621367644], ""pred_energy"": 71.36111777824826, ""pred_resting"": false, ""dist_to_ref"": 1249.988403429416}, ""+5s"": {""pred_xy"": [-1118.780309776981, -926.5484628484928], ""pred_energy"": 49.05091107348464, ""pred_resting"": false, ""dist_to_ref"": 1452.6394719790533}, ""+10s"": {""pred_xy"": [-1192.3612015446797, -1465.8885264812898], ""pred_energy"": 21.200242455325853, ""pred_resting"": false, ""dist_to_ref"": 1889.5910687285118}}","[-1192.3612015446797, -1465.8885264812898]",1215.9445973114334,0,0,0.12880740000400692,2bc5c45a5874bbf8,3295e162c2f227ac,valid
120,150,200,S10_D0,10.0,0.0,0,captured,2.2,False,22,100,10.0,2.2,1.3,0.9,0,0,0,0,0,0,22,9,0,0,False,False,not observed before death/horizon,not observed before death/horizon,not observed before death/horizon,not observed before death/horizon,not observed before death/horizon,2.2,,,200.0,False,,11.0,0.0,330.0,210.0,143.89999999999975,200.0,"[-210.0, 0.0]",136.80000000000013,"{""+1s"": {""pred_xy"": [-319.79050629054746, -3.375178579291969], ""pred_energy"": 194.41896816549297, ""pred_resting"": false, ""dist_to_ref"": 319.8083171901675}, ""+5s"": {""pred_xy"": [-753.415309092069, -60.78903433386495], ""pred_energy"": 172.09134028051253, ""pred_resting"": false, ""dist_to_ref"": 755.8637011191513}, ""+10s"": {""pred_xy"": [-1296.9681971583577, 3.6979823398924054], ""pred_energy"": 144.18574528160113, ""pred_resting"": false, ""dist_to_ref"": 1296.9734690862365}}","[-1296.9681971583577, 3.6979823398924054]",221.0,0,0,0.04066259996034205,7e359f11022fe12a,7768c4db6f050730,valid
120,150,200,S10_D0,10.0,0.0,1,captured,2.2,False,22,100,10.0,2.2,1.3,0.9,0,0,0,0,0,0,22,9,0,0,False,False,not observed before death/horizon,not observed before death/horizon,not observed before death/horizon,not observed before death/horizon,not observed before death/horizon,2.2,,,200.0,False,,11.0,0.0,330.0,210.0,143.89999999999975,200.0,"[-210.0, 0.0]",136.80000000000013,"{""+1s"": {""pred_xy"": [-317.1025987361145, -22.517504840056063], ""pred_energy"": 194.43500562266468, ""pred_resting"": false, ""dist_to_ref"": 317.9010791888244}, ""+5s"": {""pred_xy"": [-731.2296510670667, -163.557119660235], ""pred_energy"": 172.10548530112587, ""pred_resting"": false, ""dist_to_ref"": 749.2981609421022}, ""+10s"": {""pred_xy"": [-1248.1333985728352, -345.9109993610582], ""pred_energy"": 144.15977788825037, ""pred_resting"": false, ""dist_to_ref"": 1295.1800647446446}}","[-1248.1333985728352, -345.9109993610582]",221.0,0,0,0.03766360005829483,7e359f11022fe12a,d3589136f2ce8a1f,valid
120,150,200,S10_D0,10.0,0.0,2,captured,2.2,False,22,100,10.0,2.2,1.3,0.9,0,0,0,0,0,0,22,9,0,0,False,False,not observed before death/horizon,not observed before death/horizon,not observed before death/horizon,not observed before death/horizon,not observed before death/horizon,2.2,,,200.0,False,,11.0,0.0,330.0,210.0,143.89999999999975,200.0,"[-210.0, 0.0]",136.80000000000013,"{""+1s"": {""pred_xy"": [-319.03917010861187, -12.505178136800168], ""pred_energy"": 194.44729769069414, ""pred_resting"": false, ""dist_to_ref"": 319.2841548586852}, ""+5s"": {""pred_xy"": [-739.6425858206094, -21.492967710721132], ""pred_energy"": 172.08410962276412, ""pred_resting"": false, ""dist_to_ref"": 739.9547975521286}, ""+10s"": {""pred_xy"": [-1256.610959750201, 149.2018334041768], ""pred_energy"": 144.15800151876172, ""pred_resting"": false, ""dist_to_ref"": 1265.4375888424877}}","[-1256.610959750201, 149.2018334041768]",221.0,0,0,0.03862809995189309,7e359f11022fe12a,f47cf415c37edb72,valid
120,150,200,S10_D+15,10.0,15.0,0,captured,3.1,False,31,100,11.504004399844865,3.1,1.1,2.0,0,0,0,0,0,0,31,20,0,31,False,False,not observed before death/horizon,not observed before death/horizon,not observed before death/horizon,not observed before death/horizon,not observed before death/horizon,3.1,,,200.0,False,,15.5,0.34719019543442187,418.5862249294105,298.589687654256,120.61524372128711,200.0,"[-298.5862249294105, 1.4380041271288064]",131.05280980456575,"{""+1s"": {""pred_xy"": [-408.38502488760787, -0.7629713720916698], ""pred_energy"": 194.43602773729242, ""pred_resting"": false, ""dist_to_ref"": 408.3857376032698}, ""+5s"": {""pred_xy"": [-845.2561680847139, -10.016951106599663], ""pred_energy"": 172.10733454705985, ""pred_resting"": false, ""dist_to_ref"": 845.3155203796545}, ""+10s"": {""pred_xy"": [-1378.7020335863344, 115.41976428380258], ""pred_energy"": 144.18951959980032, ""pred_resting"": false, ""dist_to_ref"": 1383.5248531928953}}","[-1378.7020335863344, 115.41976428380258]",309.58965897066724,0,0,0.052362199989147484,d9ff79c98c02acef,c37a1c6d20ef53d0,valid
120,150,200,S10_D+15,10.0,15.0,1,captured,3.1,False,31,100,11.504004399844865,3.1,1.1,2.0,0,0,0,0,0,0,31,20,0,31,False,False,not observed before death/horizon,not observed before death/horizon,not observed before death/horizon,not observed before death/horizon,not observed before death/horizon,3.1,,,200.0,False,,15.5,0.34719019543442187,418.5862249294105,298.589687654256,120.61524372128711,200.0,"[-298.5862249294105, 1.4380041271288064]",131.05280980456575,"{""+1s"": {""pred_xy"": [-407.35826851258116, -9.554088255240458], ""pred_energy"": 194.41266615450715, ""pred_resting"": false, ""dist_to_ref"": 407.4702928164912}, ""+5s"": {""pred_xy"": [-845.5471943202019, -9.498205135846547], ""pred_energy"": 172.1041519512804, ""pred_resting"": false, ""dist_to_ref"": 845.6005402810289}, ""+10s"": {""pred_xy"": [-1392.9916327792607, -45.92044869216261], ""pred_energy"": 144.15268752484278, ""pred_resting"": false, ""dist_to_ref"": 1393.7483189590293}}","[-1392.9916327792607, -45.92044869216261]",309.58965897066724,0,0,0.05139569996390492,d9ff79c98c02acef,bec7d5c33bdca5ac,valid
120,150,200,S10_D+15,10.0,15.0,2,captured,3.1,False,31,100,11.504004399844865,3.1,1.1,2.0,0,0,0,0,0,0,31,20,0,31,False,False,not observed before death/horizon,not observed before death/horizon,not observed before death/horizon,not observed before death/horizon,not observed before death/horizon,3.1,,,200.0,False,,15.5,0.34719019543442187,418.5862249294105,298.589687654256,120.61524372128711,200.0,"[-298.5862249294105, 1.4380041271288064]",131.05280980456575,"{""+1s"": {""pred_xy"": [-407.9532099432854, -7.736908138149374], ""pred_energy"": 194.41449394355172, ""pred_resting"": false, ""dist_to_ref"": 408.0265692949032}, ""+5s"": {""pred_xy"": [-821.3611482118304, 77.16449819257105], ""pred_energy"": 172.05122893581841, ""pred_resting"": false, ""dist_to_ref"": 824.9778758082956}, ""+10s"": {""pred_xy"": [-1299.6007949440918, 338.645976093625], ""pred_energy"": 144.13955580674616, ""pred_resting"": false, ""dist_to_ref"": 1342.9978865745543}}","[-1299.6007949440918, 338.645976093625]",309.58965897066724,0,0,0.051175400032661855,d9ff79c98c02acef,f05c0f5a2fb9febc,valid
120,150,200,S10_D-15,10.0,-15.0,0,captured,3.1,False,31,100,11.504004399844865,3.1,1.1,2.0,0,0,0,0,0,0,31,20,0,31,False,False,not observed before death/horizon,not observed before death/horizon,not observed before death/horizon,not observed before death/horizon,not observed before death/horizon,3.1,,,200.0,False,,15.5,0.34719019543442187,418.5862249294105,298.589687654256,120.61524372128711,200.0,"[-298.5862249294105, -1.4380041271288064]",131.05280980456575,"{""+1s"": {""pred_xy"": [-408.3423908772829, -5.2069299464465075], ""pred_energy"": 194.43602773729242, ""pred_resting"": false, ""dist_to_ref"": 408.3755873051705}, ""+5s"": {""pred_xy"": [-845.0368069526194, -20.699472277951827], ""pred_energy"": 172.10733454705985, ""pred_resting"": false, ""dist_to_ref"": 845.2902893428176}, ""+10s"": {""pred_xy"": [-1380.2197823205352, 97.10563739498684], ""pred_energy"": 144.18951959980032, ""pred_resting"": false, ""dist_to_ref"": 1383.6315088645647}}","[-1380.2197823205352, 97.10563739498684]",309.58965897066724,0,0,0.047385600046254694,a5f0b0d8e5e49c2b,d054187ffc3b42f6,valid
120,150,200,S10_D-15,10.0,-15.0,1,captured,3.1,False,31,100,11.504004399844865,3.1,1.1,2.0,0,0,0,0,0,0,31,20,0,31,False,False,not observed before death/horizon,not observed before death/horizon,not observed before death/horizon,not observed before death/horizon,not observed before death/horizon,3.1,,,200.0,False,,15.5,0.34719019543442187,418.5862249294105,298.589687654256,120.61524372128711,200.0,"[-298.5862249294105, -1.4380041271288064]",131.05280980456575,"{""+1s"": {""pred_xy"": [-407.19018222668274, -13.982485765443016], ""pred_energy"": 194.41266615450715, ""pred_resting"": false, ""dist_to_ref"": 407.43018347930473}, ""+5s"": {""pred_xy"": [-845.335212368308, -20.18493572938769], ""pred_energy"": 172.1041519512804, ""pred_resting"": false, ""dist_to_ref"": 845.5761662323341}, ""+10s"": {""pred_xy"": [-1392.2036214407044, -64.42220716490829], ""pred_energy"": 144.15268752484278, ""pred_resting"": false, ""dist_to_ref"": 1393.6933465897764}}","[-1392.2036214407044, -64.42220716490829]",309.58965897066724,0,0,0.043190900003537536,a5f0b0d8e5e49c2b,3fe87e9c520610b6,valid
120,150,200,S10_D-15,10.0,-15.0,2,captured,3.1,False,31,100,11.504004399844865,3.1,1.1,2.0,0,0,0,0,0,0,31,20,0,31,False,False,not observed before death/horizon,not observed before death/horizon,not observed before death/horizon,not observed before death/horizon,not observed before death/horizon,3.1,,,200.0,False,,15.5,0.34719019543442187,418.5862249294105,298.589687654256,120.61524372128711,200.0,"[-298.5862249294105, -1.4380041271288064]",131.05280980456575,"{""+1s"": {""pred_xy"": [-407.81101641100304, -12.17398810177201], ""pred_energy"": 194.41449394355172, ""pred_resting"": false, ""dist_to_ref"": 407.99268509677654}, ""+5s"": {""pred_xy"": [-822.389372261825, 66.81435964909633], ""pred_energy"": 172.05122893581841, ""pred_resting"": false, ""dist_to_ref"": 825.0990475479398}, ""+10s"": {""pred_xy"": [-1304.314786136225, 321.43882519375984], ""pred_energy"": 144.13955580674616, ""pred_resting"": false, ""dist_to_ref"": 1343.3391156649652}}","[-1304.314786136225, 321.43882519375984]",309.58965897066724,0,0,0.040910699986852705,a5f0b0d8e5e49c2b,2406d03c6c789a0c,valid
120,150,200,S15_D0,15.0,0.0,0,captured,3.9,False,39,100,10.0,3.9,1.3,2.6,0,0,0,0,0,0,39,26,0,0,False,False,not observed before death/horizon,not observed before death/horizon,not observed before death/horizon,1.8,1.8,3.9,,,184.64999999999992,False,,62.0,0.0,585.0,465.0,100.54999999999971,184.64999999999992,"[-465.0, 0.0]",84.10000000000022,"{""+1s"": {""pred_xy"": [-573.3428161278198, -16.374573328536826], ""pred_energy"": 179.07415072304022, ""pred_resting"": false, ""dist_to_ref"": 573.5765959809296}, ""+5s"": {""pred_xy"": [-1010.7714073188044, -29.708659796342545], ""pred_energy"": 156.79256722339065, ""pred_resting"": false, ""dist_to_ref"": 1011.2079125086647}, ""+10s"": {""pred_xy"": [-1493.5125590885673, -276.57822082630173], ""pred_energy"": 128.92102120061264, ""pred_resting"": false, ""dist_to_ref"": 1518.905947183934}}","[-1493.5125590885673, -276.57822082630173]",476.0,0,0,0.0650021000765264,cfa7a1436b73fe07,200eb71c4dc6e3a3,valid
120,150,200,S15_D0,15.0,0.0,1,captured,3.9,False,39,100,10.0,3.9,1.3,2.6,0,0,0,0,0,0,39,26,0,0,False,False,not observed before death/horizon,not observed before death/horizon,not observed before death/horizon,1.8,1.8,3.9,,,184.64999999999992,False,,62.0,0.0,585.0,465.0,100.54999999999971,184.64999999999992,"[-465.0, 0.0]",84.10000000000022,"{""+1s"": {""pred_xy"": [-574.2186952733491, -9.705994052055757], ""pred_energy"": 179.09339471924142, ""pred_resting"": false, ""dist_to_ref"": 574.3007194162009}, ""+5s"": {""pred_xy"": [-1009.8122705631467, 0.46918755778006016], ""pred_energy"": 156.74455889253534, ""pred_resting"": false, ""dist_to_ref"": 1009.8123795620958}, ""+10s"": {""pred_xy"": [-1478.8134323262357, 250.40724816116744], ""pred_energy"": 128.78198651136245, ""pred_resting"": false, ""dist_to_ref"": 1499.864313049734}}","[-1478.8134323262357, 250.40724816116744]",476.0,0,0,0.051268700044602156,cfa7a1436b73fe07,e575c2b6e2862643,valid
120,150,200,S15_D0,15.0,0.0,2,captured,3.9,False,39,100,10.0,3.9,1.3,2.6,0,0,0,0,0,0,39,26,0,0,False,False,not observed before death/horizon,not observed before death/horizon,not observed before death/horizon,1.8,1.8,3.9,,,184.64999999999992,False,,62.0,0.0,585.0,465.0,100.54999999999971,184.64999999999992,"[-465.0, 0.0]",84.10000000000022,"{""+1s"": {""pred_xy"": [-574.5794050926861, 1.407094080308525], ""pred_energy"": 179.07580052753764, ""pred_resting"": false, ""dist_to_ref"": 574.5811280145006}, ""+5s"": {""pred_xy"": [-999.8711133627148, 66.01432090797243], ""pred_energy"": 156.7833606195287, ""pred_resting"": false, ""dist_to_ref"": 1002.0479698607925}, ""+10s"": {""pred_xy"": [-1528.4305734598356, 163.54638044943658], ""pred_energy"": 128.92428649029054, ""pred_resting"": false, ""dist_to_ref"": 1537.1556318229048}}","[-1528.4305734598356, 163.54638044943658]",476.0,0,0,0.048785299994051456,cfa7a1436b73fe07,891963ea920bfbee,valid
120,150,200,S15_D+15,15.0,15.0,0,captured,5.2,False,52,100,12.159428498410772,5.2,1.0,4.2,0,0,0,0,0,0,52,42,0,52,False,False,not observed before death/horizon,not observed before death/horizon,not observed before death/horizon,1.8,1.8,5.2,,,142.91414338362966,False,,68.5,0.39792728430811053,713.0176631908525,593.0212678836566,67.01207066793746,142.91414338362966,"[-593.0176631908525, 2.0676813100944855]",75.90207271569219,"{""+1s"": {""pred_xy"": [-701.6155982778746, 16.392189828336086], ""pred_energy"": 137.3320037202041, ""pred_resting"": false, ""dist_to_ref"": 701.8070615448295}, ""+5s"": {""pred_xy"": [-1109.3803216669721, 172.64382419298454], ""pred_energy"": 114.99970048007683, ""pred_resting"": false, ""dist_to_ref"": 1122.7335338956848}, ""+10s"": {""pred_xy"": [-1603.0031168952191, 407.24016370679055], ""pred_energy"": 87.0738952855027, ""pred_resting"": false, ""dist_to_ref"": 1653.9236813443724}}","[-1603.0031168952191, 407.24016370679055]",604.0171513795847,0,0,0.06134679995011538,bf9a9586c95094e3,6b03920aae714d47,valid
120,150,200,S15_D+15,15.0,15.0,1,captured,5.2,False,52,100,12.159428498410772,5.2,1.0,4.2,0,0,0,0,0,0,52,42,0,52,False,False,not observed before death/horizon,not observed before death/horizon,not observed before death/horizon,1.8,1.8,5.2,,,142.91414338362966,False,,68.5,0.39792728430811053,713.0176631908525,593.0212678836566,67.01207066793746,142.91414338362966,"[-593.0176631908525, 2.0676813100944855]",75.90207271569219,"{""+1s"": {""pred_xy"": [-702.5308599574682, 10.643114359800165], ""pred_energy"": 137.33842588262507, ""pred_resting"": false, ""dist_to_ref"": 702.611475195115}, ""+5s"": {""pred_xy"": [-1137.9350498110753, 62.0779965364427], ""pred_energy"": 115.00302983015253, ""pred_resting"": false, ""dist_to_ref"": 1139.6270684932474}, ""+10s"": {""pred_xy"": [-1685.8770746581904, 79.26234158350599], ""pred_energy"": 87.0908290135854, ""pred_resting"": false, ""dist_to_ref"": 1687.7393251480983}}","[-1685.8770746581904, 79.26234158350599]",604.0171513795847,0,0,0.05943190003745258,bf9a9586c95094e3,41daf1c3084d2d40,valid
120,150,200,S15_D+15,15.0,15.0,2,captured,5.2,False,52,100,12.159428498410772,5.2,1.0,4.2,0,0,0,0,0,0,52,42,0,52,False,False,not observed before death/horizon,not observed before death/horizon,not observed before death/horizon,1.8,1.8,5.2,,,142.91414338362966,False,,68.5,0.39792728430811053,713.0176631908525,593.0212678836566,67.01207066793746,142.91414338362966,"[-593.0176631908525, 2.0676813100944855]",75.90207271569219,"{""+1s"": {""pred_xy"": [-697.3382173693071, 33.5668852498884], ""pred_energy"": 137.30132449022616, ""pred_resting"": false, ""dist_to_ref"": 698.1456332236006}, ""+5s"": {""pred_xy"": [-1023.4460700293694, 323.88564678208604], ""pred_energy"": 114.98988760291152, ""pred_resting"": false, ""dist_to_ref"": 1073.4727618575196}, ""+10s"": {""pred_xy"": [-1331.7958062120024, 774.0439167253116], ""pred_energy"": 87.08296417320923, ""pred_resting"": false, ""dist_to_ref"": 1540.3973690133785}}","[-1331.7958062120024, 774.0439167253116]",604.0171513795847,0,0,0.05876029992941767,bf9a9586c95094e3,2d566adb38a5489a,valid
120,150,200,S15_D-15,15.0,-15.0,0,captured,5.2,False,52,100,12.159428498410772,5.2,1.0,4.2,0,0,0,0,0,0,52,42,0,52,False,False,not observed before death/horizon,not observed before death/horizon,not observed before death/horizon,1.8,1.8,5.2,,,142.91414338362966,False,,68.5,0.39792728430811053,713.0176631908525,593.0212678836566,67.01207066793746,142.91414338362966,"[-593.0176631908525, -2.0676813100944855]",75.90207271569219,"{""+1s"": {""pred_xy"": [-702.2959718848178, 5.479125858547377], ""pred_energy"": 137.3320037202041, ""pred_resting"": false, ""dist_to_ref"": 702.3173448988816}, ""+5s"": {""pred_xy"": [-1118.9842260742444, 136.0836499102861], ""pred_energy"": 114.99970048007683, ""pred_resting"": false, ""dist_to_ref"": 1127.228662683788}, ""+10s"": {""pred_xy"": [-1626.2341283505593, 339.5448086676697], ""pred_energy"": 87.0738952855027, ""pred_resting"": false, ""dist_to_ref"": 1661.303138293932}}","[-1626.2341283505593, 339.5448086676697]",604.0171513795847,0,0,0.06342010002117604,6e65077d2edb583b,cb9e3bc185aa4001,valid
120,150,200,S15_D-15,15.0,-15.0,1,captured,5.2,False,52,100,12.159428498410772,5.2,1.0,4.2,0,0,0,0,0,0,52,42,0,52,False,False,not observed before death/horizon,not observed before death/horizon,not observed before death/horizon,1.8,1.8,5.2,,,142.91414338362966,False,,68.5,0.39792728430811053,713.0176631908525,593.0212678836566,67.01207066793746,142.91414338362966,"[-593.0176631908525, -2.0676813100944855]",75.90207271569219,"{""+1s"": {""pred_xy"": [-702.852124805112, -0.3157224237011178], ""pred_energy"": 137.33842588262507, ""pred_resting"": false, ""dist_to_ref"": 702.8521957166454}, ""+5s"": {""pred_xy"": [-1140.611421884878, 23.956761314693722], ""pred_energy"": 115.00302983015253, ""pred_resting"": false, ""dist_to_ref"": 1140.8629813202513}, ""+10s"": {""pred_xy"": [-1688.562083081334, 7.050040680094753], ""pred_energy"": 87.0908290135854, ""pred_resting"": false, ""dist_to_ref"": 1688.5768005908305}}","[-1688.562083081334, 7.050040680094753]",604.0171513795847,0,0,0.0571081000380218,6e65077d2edb583b,a27f2c712b904db8,valid
120,150,200,S15_D-15,15.0,-15.0,2,captured,5.2,False,52,100,12.159428498410772,5.2,1.0,4.2,0,0,0,0,0,0,52,42,0,52,False,False,not observed before death/horizon,not observed before death/horizon,not observed before death/horizon,1.8,1.8,5.2,,,142.91414338362966,False,,68.5,0.39792728430811053,713.0176631908525,593.0212678836566,67.01207066793746,142.91414338362966,"[-593.0176631908525, -2.0676813100944855]",75.90207271569219,"{""+1s"": {""pred_xy"": [-699.0943704389356, 22.886477708895654], ""pred_energy"": 137.30132449022616, ""pred_resting"": false, ""dist_to_ref"": 699.4688911176332}, ""+5s"": {""pred_xy"": [-1042.6167066081061, 292.3743613271072], ""pred_energy"": 114.98988760291152, ""pred_resting"": false, ""dist_to_ref"": 1082.835335616532}, ""+10s"": {""pred_xy"": [-1378.3502336657157, 722.4964679568784], ""pred_energy"": 87.08296417320923, ""pred_resting"": false, ""dist_to_ref"": 1556.2295823099166}}","[-1378.3502336657157, 722.4964679568784]",604.0171513795847,0,0,0.06072299997322261,6e65077d2edb583b,64cb1e8321593421,valid
120,150,200,S20_D0,20.0,0.0,0,captured,4.0,False,40,100,10.0,4.0,1.3,2.7,0,0,0,0,0,0,40,27,0,0,False,False,not observed before death/horizon,not observed before death/horizon,not observed before death/horizon,1.0,1.0,4.0,,,178.99999999999994,False,,65.0,0.0,600.0,480.0,97.99999999999972,178.99999999999994,"[-480.0, 0.0]",81.00000000000023,"{""+1s"": {""pred_xy"": [-589.3946528741417, -8.268286038168299], ""pred_energy"": 173.41376359240684, ""pred_resting"": false, ""dist_to_ref"": 589.4526455879547}, ""+5s"": {""pred_xy"": [-1023.6557726164192, 41.83322603256602], ""pred_energy"": 151.08992396510948, ""pred_resting"": false, ""dist_to_ref"": 1024.5102047374687}, ""+10s"": {""pred_xy"": [-1546.099654060591, 207.32791073434237], ""pred_energy"": 123.1725507173268, ""pred_resting"": false, ""dist_to_ref"": 1559.9387817654085}}","[-1546.099654060591, 207.32791073434237]",491.0,0,0,0.06149059999734163,cb85aa787e48d373,b476362cd696a8e0,valid
120,150,200,S20_D0,20.0,0.0,1,captured,4.0,False,40,100,10.0,4.0,1.3,2.7,0,0,0,0,0,0,40,27,0,0,False,False,not observed before death/horizon,not observed before death/horizon,not observed before death/horizon,1.0,1.0,4.0,,,178.99999999999994,False,,65.0,0.0,600.0,480.0,97.99999999999972,178.99999999999994,"[-480.0, 0.0]",81.00000000000023,"{""+1s"": {""pred_xy"": [-589.598918251857, -4.852787747501679], ""pred_energy"": 173.40599152974747, ""pred_resting"": false, ""dist_to_ref"": 589.6188887346489}, ""+5s"": {""pred_xy"": [-1023.454190598397, 62.00720268365512], ""pred_energy"": 151.07504999879345, ""pred_resting"": false, ""dist_to_ref"": 1025.3308604728875}, ""+10s"": {""pred_xy"": [-1570.9007865049552, 91.09979803763235], ""pred_energy"": 123.1427862096221, ""pred_resting"": false, ""dist_to_ref"": 1573.5401025218214}}","[-1570.9007865049552, 91.09979803763235]",491.0,0,0,0.04592970001976937,cb85aa787e48d373,df8921eb14d903f8,valid
120,150,200,S20_D0,20.0,0.0,2,captured,4.0,False,40,100,10.0,4.0,1.3,2.7,0,0,0,0,0,0,40,27,0,0,False,False,not observed before death/horizon,not observed before death/horizon,not observed before death/horizon,1.0,1.0,4.0,,,178.99999999999994,False,,65.0,0.0,600.0,480.0,97.99999999999972,178.99999999999994,"[-480.0, 0.0]",81.00000000000023,"{""+1s"": {""pred_xy"": [-588.9671534744994, -12.025755212211152], ""pred_energy"": 173.3964926046178, ""pred_resting"": false, ""dist_to_ref"": 589.0899139013318}, ""+5s"": {""pred_xy"": [-982.8711478873347, 163.94289580365785], ""pred_energy"": 151.0478753802558, ""pred_resting"": false, ""dist_to_ref"": 996.4501826151952}, ""+10s"": {""pred_xy"": [-1405.195270348293, 508.9915692664017], ""pred_energy"": 123.14646593568725, ""pred_resting"": false, ""dist_to_ref"": 1494.5387801571046}}","[-1405.195270348293, 508.9915692664017]",491.0,0,0,0.06973450002260506,cb85aa787e48d373,1da5d48b60091b28,valid
120,150,200,S20_D+15,20.0,15.0,0,captured,5.4,False,54,100,12.321350363080164,5.4,1.0,4.4,0,0,0,0,0,0,54,44,0,54,False,False,not observed before death/horizon,not observed before death/horizon,not observed before death/horizon,1.0,1.0,5.4,,,134.29900597407797,False,,72.0,0.20936677202357146,737.8573248130288,617.8608621196087,61.90837274610123,134.29900597407797,"[-617.8573248130288, 2.0907209458673606]",72.39063322797674,"{""+1s"": {""pred_xy"": [-726.904434225843, 14.38437478582182], ""pred_energy"": 128.713662059754, ""pred_resting"": false, ""dist_to_ref"": 727.0467431569803}, ""+5s"": {""pred_xy"": [-1156.7000604793511, 84.98473660882883], ""pred_energy"": 106.43948143132533, ""pred_resting"": false, ""dist_to_ref"": 1159.8178457712256}, ""+10s"": {""pred_xy"": [-1681.1230667244254, -62.228171584272786], ""pred_energy"": 78.59219606108255, ""pred_resting"": false, ""dist_to_ref"": 1682.2743863031556}}","[-1681.1230667244254, -62.228171584272786]",628.8557358854937,0,0,0.06828430003952235,bc9403a32be43b76,8f3fa09c03fab7ca,valid
120,150,200,S20_D+15,20.0,15.0,1,captured,5.4,False,54,100,12.321350363080164,5.4,1.0,4.4,0,0,0,0,0,0,54,44,0,54,False,False,not observed before death/horizon,not observed before death/horizon,not observed before death/horizon,1.0,1.0,5.4,,,134.29900597407797,False,,72.0,0.20936677202357146,737.8573248130288,617.8608621196087,61.90837274610123,134.29900597407797,"[-617.8573248130288, 2.0907209458673606]",72.39063322797674,"{""+1s"": {""pred_xy"": [-727.3033444920347, 6.1901623321555235], ""pred_energy"": 128.70615508744214, ""pred_resting"": false, ""dist_to_ref"": 727.3296866064233}, ""+5s"": {""pred_xy"": [-1146.8661249114502, 135.2651769461345], ""pred_energy"": 106.35497065511561, ""pred_resting"": false, ""dist_to_ref"": 1154.815386355618}, ""+10s"": {""pred_xy"": [-1495.0683309806664, 551.2546466510612], ""pred_energy"": 78.41532322412151, ""pred_resting"": false, ""dist_to_ref"": 1593.4588164605013}}","[-1495.0683309806664, 551.2546466510612]",628.8557358854937,0,0,0.05503149994183332,bc9403a32be43b76,ae3369cc41e6d139,valid
120,150,200,S20_D+15,20.0,15.0,2,captured,5.4,False,54,100,12.321350363080164,5.4,1.0,4.4,0,0,0,0,0,0,54,44,0,54,False,False,not observed before death/horizon,not observed before death/horizon,not observed before death/horizon,1.0,1.0,5.4,,,134.29900597407797,False,,72.0,0.20936677202357146,737.8573248130288,617.8608621196087,61.90837274610123,134.29900597407797,"[-617.8573248130288, 2.0907209458673606]",72.39063322797674,"{""+1s"": {""pred_xy"": [-727.0857914894241, -8.375810035301583], ""pred_energy"": 128.72231703347137, ""pred_resting"": false, ""dist_to_ref"": 727.1340332975412}, ""+5s"": {""pred_xy"": [-1151.8704433918456, 56.68413554570088], ""pred_energy"": 106.43589478487705, ""pred_resting"": false, ""dist_to_ref"": 1153.264327716023}, ""+10s"": {""pred_xy"": [-1691.7168927648654, 47.80268099758632], ""pred_energy"": 78.57872623132019, ""pred_resting"": false, ""dist_to_ref"": 1692.3921358764842}}","[-1691.7168927648654, 47.80268099758632]",628.8557358854937,0,0,0.05914280004799366,bc9403a32be43b76,3d8f1a3a8ca60c69,valid
120,150,200,S20_D-15,20.0,-15.0,0,captured,5.4,False,54,100,12.321350363080164,5.4,1.0,4.4,0,0,0,0,0,0,54,44,0,54,False,False,not observed before death/horizon,not observed before death/horizon,not observed before death/horizon,1.0,1.0,5.4,,,134.29900597407797,False,,72.0,0.20936677202357146,737.8573248130288,617.8608621196087,61.90837274610123,134.29900597407797,"[-617.8573248130288, -2.0907209458673606]",72.39063322797674,"{""+1s"": {""pred_xy"": [-727.4895269863628, 2.724488566918808], ""pred_energy"": 128.713662059754, ""pred_resting"": false, ""dist_to_ref"": 727.4946286487572}, ""+5s"": {""pred_xy"": [-1161.1041929770136, 43.797750843023096], ""pred_energy"": 106.43948143132533, ""pred_resting"": false, ""dist_to_ref"": 1161.929941918922}, ""+10s"": {""pred_xy"": [-1674.2449087983541, -138.89799509582826], ""pred_energy"": 78.59219606108255, ""pred_resting"": false, ""dist_to_ref"": 1679.9966272819865}}","[-1674.2449087983541, -138.89799509582826]",628.8557358854937,0,0,0.05884790001437068,4b1e958abbf2a053,d049cc37afa14d49,valid
120,150,200,S20_D-15,20.0,-15.0,1,captured,5.4,False,54,100,12.321350363080164,5.4,1.0,4.4,0,0,0,0,0,0,54,44,0,54,False,False,not observed before death/horizon,not observed before death/horizon,not observed before death/horizon,1.0,1.0,5.4,,,134.29900597407797,False,,72.0,0.20936677202357146,737.8573248130288,617.8608621196087,61.90837274610123,134.29900597407797,"[-617.8573248130288, -2.0907209458673606]",72.39063322797674,"{""+1s"": {""pred_xy"": [-727.3277049291055, -5.4778318826893155], ""pred_energy"": 128.70615508744214, ""pred_resting"": false, ""dist_to_ref"": 727.3483326437031}, ""+5s"": {""pred_xy"": [-1154.7282188358304, 94.63254132176735], ""pred_energy"": 106.35497065511561, ""pred_resting"": false, ""dist_to_ref"": 1158.599403267922}, ""+10s"": {""pred_xy"": [-1530.5358849586219, 485.8621584268549], ""pred_energy"": 78.41532322412151, ""pred_resting"": false, ""dist_to_ref"": 1605.8026442054684}}","[-1530.5358849586219, 485.8621584268549]",628.8557358854937,0,0,0.07101499999407679,4b1e958abbf2a053,c99ed168e883d081,valid
120,150,200,S20_D-15,20.0,-15.0,2,captured,5.4,False,54,100,12.321350363080164,5.4,1.0,4.4,0,0,0,0,0,0,54,44,0,54,False,False,not observed before death/horizon,not observed before death/horizon,not observed before death/horizon,1.0,1.0,5.4,,,134.29900597407797,False,,72.0,0.20936677202357146,737.8573248130288,617.8608621196087,61.90837274610123,134.29900597407797,"[-617.8573248130288, -2.0907209458673606]",72.39063322797674,"{""+1s"": {""pred_xy"": [-726.1155631768179, -19.994911227062403], ""pred_energy"": 128.72231703347137, ""pred_resting"": false, ""dist_to_ref"": 726.3908091121235}, ""+5s"": {""pred_xy"": [-1154.3524598415297, 15.893211402037196], ""pred_energy"": 106.43589478487705, ""pred_resting"": false, ""dist_to_ref"": 1154.4618641214877}, ""+10s"": {""pred_xy"": [-1692.330912977808, -29.84794180429526], ""pred_energy"": 78.57872623132019, ""pred_resting"": false, ""dist_to_ref"": 1692.5941092448165}}","[-1692.330912977808, -29.84794180429526]",628.8557358854937,0,0,0.09397070005070418,4b1e958abbf2a053,48d54431786aa22b,valid
120,300,101,S10_D0,10.0,0.0,0,captured,2.2,False,22,100,10.0,2.2,1.3,0.9,0,0,0,0,0,0,22,9,0,0,False,False,not observed before death/horizon,not observed before death/horizon,not observed before death/horizon,not observed before death/horizon,not observed before death/horizon,2.2,,,200.0,False,,11.0,0.0,330.0,210.0,44.90000000000006,200.0,"[-210.0, 0.0]",286.7999999999995,"{""+1s"": {""pred_xy"": [-319.79050629054746, -3.375178579291969], ""pred_energy"": 194.41896816549297, ""pred_resting"": false, ""dist_to_ref"": 319.8083171901675}, ""+5s"": {""pred_xy"": [-753.415309092069, -60.78903433386495], ""pred_energy"": 172.09134028051253, ""pred_resting"": false, ""dist_to_ref"": 755.8637011191513}, ""+10s"": {""pred_xy"": [-1296.9681971583577, 3.6979823398924054], ""pred_energy"": 144.18574528160113, ""pred_resting"": false, ""dist_to_ref"": 1296.9734690862365}}","[-1296.9681971583577, 3.6979823398924054]",221.0,0,0,0.03582400002051145,e1479bcb74193318,8f327f162e432834,valid
120,300,101,S10_D0,10.0,0.0,1,captured,2.2,False,22,100,10.0,2.2,1.3,0.9,0,0,0,0,0,0,22,9,0,0,False,False,not observed before death/horizon,not observed before death/horizon,not observed before death/horizon,not observed before death/horizon,not observed before death/horizon,2.2,,,200.0,False,,11.0,0.0,330.0,210.0,44.90000000000006,200.0,"[-210.0, 0.0]",286.7999999999995,"{""+1s"": {""pred_xy"": [-317.1025987361145, -22.517504840056063], ""pred_energy"": 194.43500562266468, ""pred_resting"": false, ""dist_to_ref"": 317.9010791888244}, ""+5s"": {""pred_xy"": [-731.2296510670667, -163.557119660235], ""pred_energy"": 172.10548530112587, ""pred_resting"": false, ""dist_to_ref"": 749.2981609421022}, ""+10s"": {""pred_xy"": [-1248.1333985728352, -345.9109993610582], ""pred_energy"": 144.15977788825037, ""pred_resting"": false, ""dist_to_ref"": 1295.1800647446446}}","[-1248.1333985728352, -345.9109993610582]",221.0,0,0,0.03860780003014952,e1479bcb74193318,081d224b4ab31003,valid
120,300,101,S10_D0,10.0,0.0,2,captured,2.2,False,22,100,10.0,2.2,1.3,0.9,0,0,0,0,0,0,22,9,0,0,False,False,not observed before death/horizon,not observed before death/horizon,not observed before death/horizon,not observed before death/horizon,not observed before death/horizon,2.2,,,200.0,False,,11.0,0.0,330.0,210.0,44.90000000000006,200.0,"[-210.0, 0.0]",286.7999999999995,"{""+1s"": {""pred_xy"": [-319.03917010861187, -12.505178136800168], ""pred_energy"": 194.44729769069414, ""pred_resting"": false, ""dist_to_ref"": 319.2841548586852}, ""+5s"": {""pred_xy"": [-739.6425858206094, -21.492967710721132], ""pred_energy"": 172.08410962276412, ""pred_resting"": false, ""dist_to_ref"": 739.9547975521286}, ""+10s"": {""pred_xy"": [-1256.610959750201, 149.2018334041768], ""pred_energy"": 144.15800151876172, ""pred_resting"": false, ""dist_to_ref"": 1265.4375888424877}}","[-1256.610959750201, 149.2018334041768]",221.0,0,0,0.04064230003859848,e1479bcb74193318,0384297f229e8ea5,valid
120,300,101,S10_D+15,10.0,15.0,0,captured,5.5,False,55,100,14.578595859948654,5.5,3.5,2.0,0,0,0,0,0,0,55,20,0,55,False,False,not observed before death/horizon,not observed before death/horizon,not observed before death/horizon,not observed before death/horizon,not observed before death/horizon,5.5,,,200.0,False,,27.5,0.34535110447774287,655.421404140714,535.4214041407321,22.42197661894788,200.0,"[-535.421404140714, -0.00013900090380047914]",266.654648895521,"{""+1s"": {""pred_xy"": [-643.2799819375714, 19.85741190450335], ""pred_energy"": 194.42088818374717, ""pred_resting"": false, ""dist_to_ref"": 643.5863982163912}, ""+5s"": {""pred_xy"": [-1050.7564419788177, 177.16427621782168], ""pred_energy"": 172.09295725939663, ""pred_resting"": false, ""dist_to_ref"": 1065.5872939969627}, ""+10s"": {""pred_xy"": [-1545.590689480683, 408.64278602937884], ""pred_energy"": 144.16173819289676, ""pred_resting"": false, ""dist_to_ref"": 1598.6993169396258}}","[-1545.590689480683, 408.64278602937884]",546.4082305523779,0,0,0.059306500013917685,017e2f2351bb3ae6,bdf9c955baf2d1b0,valid
120,300,101,S10_D+15,10.0,15.0,1,captured,5.5,False,55,100,14.578595859948654,5.5,3.5,2.0,0,0,0,0,0,0,55,20,0,55,False,False,not observed before death/horizon,not observed before death/horizon,not observed before death/horizon,not observed before death/horizon,not observed before death/horizon,5.5,,,200.0,False,,27.5,0.34535110447774287,655.421404140714,535.4214041407321,22.42197661894788,200.0,"[-535.421404140714, -0.00013900090380047914]",266.654648895521,"{""+1s"": {""pred_xy"": [-644.5880488895327, 12.132570098126052], ""pred_energy"": 194.42520179625708, ""pred_resting"": false, ""dist_to_ref"": 644.7022196552456}, ""+5s"": {""pred_xy"": [-1079.3751161262053, 64.75146483470053], ""pred_energy"": 172.07394544055725, ""pred_resting"": false, ""dist_to_ref"": 1081.3155846054835}, ""+10s"": {""pred_xy"": [-1627.084890037614, 90.87482263090442], ""pred_energy"": 144.1763348499217, ""pred_resting"": false, ""dist_to_ref"": 1629.6206530284626}}","[-1627.084890037614, 90.87482263090442]",546.4082305523779,0,0,0.11675619997549802,017e2f2351bb3ae6,d32e1b01ba6845fd,valid
120,300,101,S10_D+15,10.0,15.0,2,captured,5.5,False,55,100,14.578595859948654,5.5,3.5,2.0,0,0,0,0,0,0,55,20,0,55,False,False,not observed before death/horizon,not observed before death/horizon,not observed before death/horizon,not observed before death/horizon,not observed before death/horizon,5.5,,,200.0,False,,27.5,0.34535110447774287,655.421404140714,535.4214041407321,22.42197661894788,200.0,"[-535.421404140714, -0.00013900090380047914]",266.654648895521,"{""+1s"": {""pred_xy"": [-641.8038328206349, 26.068315270108542], ""pred_energy"": 194.3855434277218, ""pred_resting"": false, ""dist_to_ref"": 642.3330264623478}, ""+5s"": {""pred_xy"": [-998.5954463485741, 279.34165233921703], ""pred_energy"": 172.07244437437203, ""pred_resting"": false, ""dist_to_ref"": 1036.9303854163556}, ""+10s"": {""pred_xy"": [-1356.3282393053778, 692.0303577894083], ""pred_energy"": 144.1744091936817, ""pred_resting"": false, ""dist_to_ref"": 1522.6727517228917}}","[-1356.3282393053778, 692.0303577894083]",546.4082305523779,0,0,0.07656179997138679,017e2f2351bb3ae6,7d8be1dc331e9c24,valid
120,300,101,S10_D-15,10.0,-15.0,0,captured,5.5,False,55,100,14.578595859948654,5.5,3.5,2.0,0,0,0,0,0,0,55,20,0,55,False,False,not observed before death/horizon,not observed before death/horizon,not observed before death/horizon,not observed before death/horizon,not observed before death/horizon,5.5,,,200.0,False,,27.5,0.34535110447774287,655.421404140714,535.4214041407321,22.42197661894788,200.0,"[-535.421404140714, 0.00013900090380047914]",266.654648895521,"{""+1s"": {""pred_xy"": [-644.7135462964316, 9.111823550742884], ""pred_energy"": 194.42088818374717, ""pred_resting"": false, ""dist_to_ref"": 644.7779323973028}, ""+5s"": {""pred_xy"": [-1065.7300565108262, 125.4200914198982], ""pred_energy"": 172.09295725939663, ""pred_resting"": false, ""dist_to_ref"": 1073.0846903587546}, ""+10s"": {""pred_xy"": [-1581.000495332276, 306.91281271214575], ""pred_energy"": 144.16173819289676, ""pred_resting"": false, ""dist_to_ref"": 1610.5148372019994}}","[-1581.000495332276, 306.91281271214575]",546.4082305523779,0,0,0.06118239997886121,4157d309b6bc343a,350fd7e8d9c133b1,valid
120,300,101,S10_D-15,10.0,-15.0,1,captured,5.5,False,55,100,14.578595859948654,5.5,3.5,2.0,0,0,0,0,0,0,55,20,0,55,False,False,not observed before death/horizon,not observed before death/horizon,not observed before death/horizon,not observed before death/horizon,not observed before death/horizon,5.5,,,200.0,False,,27.5,0.34535110447774287,655.421404140714,535.4214041407321,22.42197661894788,200.0,"[-535.421404140714, 0.00013900090380047914]",266.654648895521,"{""+1s"": {""pred_xy"": [-645.2525508775843, 1.295578023260532], ""pred_energy"": 194.42520179625708, ""pred_resting"": false, ""dist_to_ref"": 645.2538515471596}, ""+5s"": {""pred_xy"": [-1083.1104217118645, 10.730983050838404], ""pred_energy"": 172.07394544055725, ""pred_resting"": false, ""dist_to_ref"": 1083.1635793443622}, ""+10s"": {""pred_xy"": [-1630.7233939448897, -17.348527321451], ""pred_energy"": 144.1763348499217, ""pred_resting"": false, ""dist_to_ref"": 1630.8156728948134}}","[-1630.7233939448897, -17.348527321451]",546.4082305523779,0,0,0.11620650009717792,4157d309b6bc343a,8025da3081945c48,valid
120,300,101,S10_D-15,10.0,-15.0,2,captured,5.5,False,55,100,14.578595859948654,5.5,3.5,2.0,0,0,0,0,0,0,55,20,0,55,False,False,not observed before death/horizon,not observed before death/horizon,not observed before death/horizon,not observed before death/horizon,not observed before death/horizon,5.5,,,200.0,False,,27.5,0.34535110447774287,655.421404140714,535.4214041407321,22.42197661894788,200.0,"[-535.421404140714, 0.00013900090380047914]",266.654648895521,"{""+1s"": {""pred_xy"": [-643.8578100216328, 15.43812201511355], ""pred_energy"": 194.3855434277218, ""pred_resting"": false, ""dist_to_ref"": 644.0428674686232}, ""+5s"": {""pred_xy"": [-1023.9118491552435, 232.24809893551537], ""pred_energy"": 172.07244437437203, ""pred_resting"": false, ""dist_to_ref"": 1049.9212609999242}, ""+10s"": {""pred_xy"": [-1420.64150531217, 607.601663842579], ""pred_energy"": 144.1744091936817, ""pred_resting"": false, ""dist_to_ref"": 1545.1220238285061}}","[-1420.64150531217, 607.601663842579]",546.4082305523779,0,0,0.1036912000272423,4157d309b6bc343a,aef28711ae810a82,valid
120,300,101,S15_D0,15.0,0.0,0,energy_death,23.0,False,230,100,120,0.0,0,5.3,0,14.3,3.4,0,0,0,196,53,0,0,False,False,5.4,9.6,13.1,6.6,6.6,23.0,,,46.06864262286127,False,,277.5,0.0,2199.4658443535964,2086.4068266014824,,,,,"{""+1s"": {""pred_xy"": [-2189.3645264366396, 171.00967914713328], ""pred_energy"": 40.51286860540145, ""pred_resting"": false, ""dist_to_ref"": 2196.033091731802}, ""+5s"": {""pred_xy"": [-2627.1519892082433, 201.35228209270463], ""pred_energy"": 18.207100830537133, ""pred_resting"": false, ""dist_to_ref"": 2634.8567922953175}, ""+10s"": {""pred_xy"": [-2963.5606699815426, 321.36366266998266], ""pred_energy"": 50.81189891231914, ""pred_resting"": true, ""dist_to_ref"": 2980.9338215307826}}","[-2963.5606699815426, 321.36366266998266]",2097.402291536248,0,1,0.1807132000103593,28c3d7c15d6ec7ee,7cf61739fb8df202,valid
120,300,101,S15_D0,15.0,0.0,1,energy_death,23.0,False,230,100,120,0.0,0,5.3,0,14.3,3.4,0,0,0,196,53,0,0,False,False,5.4,9.6,13.1,6.6,6.6,23.0,,,46.052017630915984,False,,277.5,0.0,2204.262255029238,2109.6493361805383,,,,,"{""+1s"": {""pred_xy"": [-2193.979488262543, 319.3376648075355], ""pred_energy"": 40.4659975552691, ""pred_resting"": false, ""dist_to_ref"": 2217.0977739110876}, ""+5s"": {""pred_xy"": [-2630.9934682555277, 338.3002518615431], ""pred_energy"": 18.132501257470263, ""pred_resting"": false, ""dist_to_ref"": 2652.654084198095}, ""+10s"": {""pred_xy"": [-2987.0688187296264, 383.89423204825107], ""pred_energy"": 50.68623790996411, ""pred_resting"": true, ""dist_to_ref"": 3011.636583193052}}","[-2987.0688187296264, 383.89423204825107]",2120.3504723414144,0,1,0.21093499998096377,156c48a529f25ff1,f0008e0969a50349,valid
120,300,101,S15_D0,15.0,0.0,2,energy_death,23.0,False,230,100,120,0.0,0,5.3,0,14.3,3.4,0,0,0,196,53,0,0,False,False,5.4,9.6,13.1,6.6,6.6,23.0,,,46.071980975342385,False,,277.5,0.0,2208.2661213509436,2094.079133761428,,,,,"{""+1s"": {""pred_xy"": [-2196.4778952356937, 137.26723086724178], ""pred_energy"": 40.50113735068235, ""pred_resting"": false, ""dist_to_ref"": 2200.7629215635616}, ""+5s"": {""pred_xy"": [-2633.317587403365, 144.28166185321606], ""pred_energy"": 18.222667925858648, ""pred_resting"": false, ""dist_to_ref"": 2637.2672815008727}, ""+10s"": {""pred_xy"": [-2985.93179205067, 63.06928033148688], ""pred_energy"": 50.81258783382005, ""pred_resting"": true, ""dist_to_ref"": 2986.597796975759}}","[-2985.93179205067, 63.06928033148688]",2104.66104591226,0,1,0.16930040006991476,07b2d1b3383c07ce,13cfcc8f4a8cc989,valid
120,300,101,S15_D+15,15.0,15.0,0,energy_death,22.9,False,229,100,120,0.0,0,3.5,0,16.0,3.4,0,0,0,195,35,0,35,False,False,3.6,9.6,13.1,6.6,6.6,22.9,,,46.31937206152138,False,,277.0,0.14040876948030245,2009.536277810559,1973.9804736287613,,,,,"{""+1s"": {""pred_xy"": [-1992.6450882144509, 608.7846858224275], ""pred_energy"": 40.77330428181486, ""pred_resting"": false, ""dist_to_ref"": 2083.5674314207085}, ""+5s"": {""pred_xy"": [-2403.767994021736, 761.8416797245918], ""pred_energy"": 18.43618578739079, ""pred_resting"": false, ""dist_to_ref"": 2521.6072878322802}, ""+10s"": {""pred_xy"": [-2679.5406346565132, 1008.5699813151532], ""pred_energy"": 47.503336733961106, ""pred_resting"": true, ""dist_to_ref"": 2863.066785805996}}","[-2679.5406346565132, 1008.5699813151532]",1984.962389385955,0,1,0.16788279998581856,2de0d1730482f786,7656fea1ad3de8db,valid
120,300,101,S15_D+15,15.0,15.0,1,energy_death,22.9,False,229,100,120,0.0,0,3.5,0,16.0,3.4,0,0,0,195,35,0,35,False,False,3.6,9.6,13.1,6.6,6.6,22.9,,,46.36779609724843,False,,277.0,0.14040876948030245,1754.0990693310368,1924.47776288341,,,,,"{""+1s"": {""pred_xy"": [-1731.9429985541656, 1066.5573161122065], ""pred_energy"": 40.79024969896891, ""pred_resting"": false, ""dist_to_ref"": 2034.003701764888}, ""+5s"": {""pred_xy"": [-2087.6359586177614, 1321.354705845477], ""pred_energy"": 18.46183795783391, ""pred_resting"": false, ""dist_to_ref"": 2470.668361875767}, ""+10s"": {""pred_xy"": [-2387.131423554488, 1537.2923070475372], ""pred_energy"": 47.43591574791196, ""pred_resting"": true, ""dist_to_ref"": 2839.3069701300024}}","[-2387.131423554488, 1537.2923070475372]",1935.4413347557856,0,1,0.19301430007908493,b174c32781e500a4,2100fcf9ba3766dd,valid
120,300,101,S15_D+15,15.0,15.0,2,energy_death,22.9,False,229,100,120,0.0,0,3.5,0,16.0,3.4,0,0,0,195,35,0,35,False,False,3.6,9.6,13.1,6.6,6.6,22.9,,,46.36662916045833,False,,277.0,0.14040876948030245,1582.7228187391565,1864.0675354451794,,,,,"{""+1s"": {""pred_xy"": [-1546.7228865306852, 1226.1007539388356], ""pred_energy"": 40.7939947919677, ""pred_resting"": false, ""dist_to_ref"": 1973.7463734044443}, ""+5s"": {""pred_xy"": [-1860.9882891175475, 1525.2266072681668], ""pred_energy"": 18.497673810799746, ""pred_resting"": false, ""dist_to_ref"": 2406.157437856347}, ""+10s"": {""pred_xy"": [-2173.5412129548504, 1729.3760765544357], ""pred_energy"": 47.55423492885359, ""pred_resting"": true, ""dist_to_ref"": 2777.5930260878854}}","[-2173.5412129548504, 1729.3760765544357]",1875.0588146388666,0,1,0.23524810001254082,30fead23e89a1fb0,6afc8b0fb0aa2bed,valid
120,300,101,S15_D-15,15.0,-15.0,0,energy_death,22.9,False,229,100,120,0.0,0,3.5,0,16.0,3.4,0,0,0,195,35,0,35,False,False,3.6,9.6,13.1,6.6,6.6,22.9,,,46.31937206152138,False,,277.0,0.14040876948030245,1562.7543394243585,1852.5255524506397,,,,,"{""+1s"": {""pred_xy"": [-1507.0219940218185, -1250.9943732728116], ""pred_energy"": 40.77330428181486, ""pred_resting"": false, ""dist_to_ref"": 1958.5970010254107}, ""+5s"": {""pred_xy"": [-1766.2903154924788, -1604.8706575072574], ""pred_energy"": 18.43618578739079, ""pred_resting"": false, ""dist_to_ref"": 2386.501897323842}, ""+10s"": {""pred_xy"": [-2078.8141144730553, -1802.9975844990013], ""pred_energy"": 47.503336733961106, ""pred_resting"": true, ""dist_to_ref"": 2751.775501788187}}","[-2078.8141144730553, -1802.9975844990013]",1862.7420910353624,0,1,0.2379729999229312,06e060894b81ee3c,1a8b5741b684449f,valid
120,300,101,S15_D-15,15.0,-15.0,1,energy_death,22.9,False,229,100,120,0.0,0,3.5,0,16.0,3.4,0,0,0,195,35,0,35,False,False,3.6,9.6,13.1,6.6,6.6,22.9,,,46.36779609724843,False,,277.0,0.14040876948030245,1921.6687364450072,1969.2441846273314,,,,,"{""+1s"": {""pred_xy"": [-1876.4582766294097, -875.4438524520565], ""pred_energy"": 40.79024969896891, ""pred_resting"": false, ""dist_to_ref"": 2070.6273452089617}, ""+5s"": {""pred_xy"": [-2218.5183107873436, -1148.2700328042374], ""pred_energy"": 18.46183795783391, ""pred_resting"": false, ""dist_to_ref"": 2498.0687667746406}, ""+10s"": {""pred_xy"": [-2507.878717106969, -1377.61068856572], ""pred_energy"": 47.43591574791196, ""pred_resting"": true, ""dist_to_ref"": 2861.340047769334}}","[-2507.878717106969, -1377.61068856572]",1979.3612038308763,0,1,0.14115019992459565,f3d481b1570ef38e,a85430f6edf13b2d,valid
120,300,101,S15_D-15,15.0,-15.0,2,energy_death,22.9,False,229,100,120,0.0,0,3.5,0,16.0,3.4,0,0,0,195,35,0,35,False,False,3.6,9.6,13.1,6.6,6.6,22.9,,,46.36662916045833,False,,277.0,0.14040876948030245,2008.6983303672241,1979.356629608655,,,,,"{""+1s"": {""pred_xy"": [-1979.508566058632, -653.7656255102092], ""pred_energy"": 40.7939947919677, ""pred_resting"": false, ""dist_to_ref"": 2084.673513094618}, ""+5s"": {""pred_xy"": [-2352.934491474517, -874.654958933932], ""pred_energy"": 18.497673810799746, ""pred_resting"": false, ""dist_to_ref"": 2510.243418148559}, ""+10s"": {""pred_xy"": [-2634.5098171507125, -1119.7705887486318], ""pred_energy"": 47.55423492885359, ""pred_resting"": true, ""dist_to_ref"": 2862.608626426242}}","[-2634.5098171507125, -1119.7705887486318]",1989.6459850887256,0,1,0.16109930002130568,70e2fcfd999401db,ec56a2ec2673de83,valid
120,300,101,S20_D0,20.0,0.0,0,energy_death,20.1,False,201,100,120,0.0,0,2.2,0,14.5,3.4,0,0,0,167,22,0,0,False,False,2.3,10.3,13.8,3.7,3.7,20.1,,,65.92979307786096,False,,280.5,0.0,1901.2501023049363,1783.631829001314,,,,,"{""+1s"": {""pred_xy"": [-1886.9366904572425, 122.36459255055252], ""pred_energy"": 60.377549364123844, ""pred_resting"": false, ""dist_to_ref"": 1890.9000944798206}, ""+5s"": {""pred_xy"": [-2278.1449689074243, 315.66002132839276], ""pred_energy"": 38.093786101072254, ""pred_resting"": false, ""dist_to_ref"": 2299.909943546323}, ""+10s"": {""pred_xy"": [-2682.9421943512452, 684.9372180327882], ""pred_energy"": 10.243971559575495, ""pred_resting"": false, ""dist_to_ref"": 2768.9922013029886}}","[-2682.9421943512452, 684.9372180327882]",1794.301683026929,0,0,0.14861990010831505,02a62d8cb9816d5c,6a906245d94e497b,valid
120,300,101,S20_D0,20.0,0.0,1,energy_death,20.1,False,201,100,120,0.0,0,2.2,0,14.5,3.4,0,0,0,167,22,0,0,False,False,2.3,10.3,13.8,3.7,3.7,20.1,,,66.00694547989923,False,,280.5,0.0,1865.5876032573187,1770.8336430660556,,,,,"{""+1s"": {""pred_xy"": [-1849.7870043928906, -333.04155983980127], ""pred_energy"": 60.46096962581388, ""pred_resting"": false, ""dist_to_ref"": 1879.5288351609165}, ""+5s"": {""pred_xy"": [-2258.6094262564347, -484.02127684624793], ""pred_energy"": 38.15468600756367, ""pred_resting"": false, ""dist_to_ref"": 2309.8902867483325}, ""+10s"": {""pred_xy"": [-2533.2660094876674, -948.7429581298002], ""pred_energy"": 10.26934743685174, ""pred_resting"": false, ""dist_to_ref"": 2705.0970177475065}}","[-2533.2660094876674, -948.7429581298002]",1781.7861980227685,0,0,0.15163360000588,b14347adc75a4383,b1b2e8607c0a037a,valid
120,300,101,S20_D0,20.0,0.0,2,energy_death,20.1,False,201,100,120,0.0,0,2.2,0,14.5,3.4,0,0,0,167,22,0,0,False,False,2.3,10.3,13.8,3.7,3.7,20.1,,,65.96620286314928,False,,280.5,0.0,1855.930307240149,1756.0200938631954,,,,,"{""+1s"": {""pred_xy"": [-1829.5322449796522, 322.2859264886756], ""pred_energy"": 60.394042067609384, ""pred_resting"": false, ""dist_to_ref"": 1857.7019281448115}, ""+5s"": {""pred_xy"": [-2228.4398455699647, 496.38495241746205], ""pred_energy"": 38.123532486025134, ""pred_resting"": false, ""dist_to_ref"": 2283.05544529921}, ""+10s"": {""pred_xy"": [-2717.6640692701467, 741.248535900726], ""pred_energy"": 10.237410728093732, ""pred_resting"": false, ""dist_to_ref"": 2816.939364874037}}","[-2717.6640692701467, 741.248535900726]",1766.6439419748572,0,0,0.1530421000206843,852dcd3a313ce6cf,62b16c3786b11e84,valid
120,300,101,S20_D+15,20.0,15.0,0,energy_death,20.0,False,200,100,120,0.0,0,1.3,0,15.3,3.4,0,0,0,166,13,0,13,False,False,1.4,13.5,17.0,3.7,3.7,20.0,,,84.34455030473983,False,,280.0,0.0860399257585982,1681.4075069796663,1669.7225416075241,,,,,"{""+1s"": {""pred_xy"": [-1662.1160569844742, 635.6458748915866], ""pred_energy"": 78.79370461172094, ""pred_resting"": false, ""dist_to_ref"": 1779.5155141645455}, ""+5s"": {""pred_xy"": [-2019.0602454200134, 887.1717422144175], ""pred_energy"": 56.50294283933398, ""pred_resting"": false, ""dist_to_ref"": 2205.3747923696073}, ""+10s"": {""pred_xy"": [-2368.015058394466, 1309.8855194059834], ""pred_energy"": 28.651463540174937, ""pred_resting"": false, ""dist_to_ref"": 2706.158788898469}}","[-2368.015058394466, 1309.8855194059834]",1680.7225247542622,0,0,0.1547770999604836,5c21131306a915de,9d2649ae5e41dad9,valid
120,300,101,S20_D+15,20.0,15.0,1,energy_death,20.0,False,200,100,120,0.0,0,1.3,0,15.3,3.4,0,0,0,166,13,0,13,False,False,1.4,13.5,17.0,3.7,3.7,20.0,,,84.42278107316488,False,,280.0,0.0860399257585982,1820.6956587781433,1702.300328426804,,,,,"{""+1s"": {""pred_xy"": [-1806.4304225103142, 44.13736152624824], ""pred_energy"": 78.88774460645043, ""pred_resting"": false, ""dist_to_ref"": 1806.9695564821482}, ""+5s"": {""pred_xy"": [-2216.303423357116, -101.58870708483937], ""pred_energy"": 56.57849194615319, ""pred_resting"": false, ""dist_to_ref"": 2218.6304626484425}, ""+10s"": {""pred_xy"": [-2500.5667591213114, -562.2214946600079], ""pred_energy"": 28.678863905722707, ""pred_resting"": false, ""dist_to_ref"": 2562.9918310209637}}","[-2500.5667591213114, -562.2214946600079]",1712.4792964773324,0,0,0.15025019994936883,36dd8e67ca1ee6f4,98ef6be33ce45a0f,valid
120,300,101,S20_D+15,20.0,15.0,2,energy_death,20.0,False,200,100,120,0.0,0,1.3,0,15.3,3.4,0,0,0,166,13,0,13,False,False,1.4,13.5,17.0,3.7,3.7,20.0,,,84.35542083453755,False,,280.0,0.0860399257585982,1435.26857974609,1558.6369223487893,,,,,"{""+1s"": {""pred_xy"": [-1332.6066994362818, 944.8721719206951], ""pred_energy"": 78.78828452882787, ""pred_resting"": false, ""dist_to_ref"": 1633.5923716314887}, ""+5s"": {""pred_xy"": [-1471.3048727073128, 1357.4627015168207], ""pred_energy"": 56.5266683964414, ""pred_resting"": false, ""dist_to_ref"": 2001.8598888188021}, ""+10s"": {""pred_xy"": [-1609.8254770386948, 1886.9944169176524], ""pred_energy"": 28.645066919896163, ""pred_resting"": false, ""dist_to_ref"": 2480.380211983891}}","[-1609.8254770386948, 1886.9944169176524]",1565.8272273938721,0,0,0.13137379998806864,2da62d2397e74c12,3bcfc0aa121abf57,valid
120,300,101,S20_D-15,20.0,-15.0,0,energy_death,20.0,False,200,100,120,0.0,0,1.3,0,15.3,3.4,0,0,0,166,13,0,13,False,False,1.4,13.5,17.0,3.7,3.7,20.0,,,84.34455030473983,False,,280.0,0.0860399257585982,1672.0709243453102,1668.2680668832595,,,,,"{""+1s"": {""pred_xy"": [-1650.7397723986187, -660.1651316064817], ""pred_energy"": 78.79370461172094, ""pred_resting"": false, ""dist_to_ref"": 1777.8525802685797}, ""+5s"": {""pred_xy"": [-2073.284882407729, -770.3016178306098], ""pred_energy"": 56.50294283933398, ""pred_resting"": false, ""dist_to_ref"": 2211.758301906627}, ""+10s"": {""pred_xy"": [-2621.385327326964, -763.7976801825307], ""pred_energy"": 28.651463540174937, ""pred_resting"": false, ""dist_to_ref"": 2730.39336553862}}","[-2621.385327326964, -763.7976801825307]",1679.1715857313338,0,0,0.1664578999625519,657f4eef18fca494,fdc9003d4b93e872,valid
120,300,101,S20_D-15,20.0,-15.0,1,energy_death,20.0,False,200,100,120,0.0,0,1.3,0,15.3,3.4,0,0,0,166,13,0,13,False,False,1.4,13.5,17.0,3.7,3.7,20.0,,,84.42278107316488,False,,280.0,0.0860399257585982,1366.7154903941828,1631.4891113955844,,,,,"{""+1s"": {""pred_xy"": [-1292.2676585346735, -1152.3101316448092], ""pred_energy"": 78.88774460645043, ""pred_resting"": false, ""dist_to_ref"": 1731.4081958873721}, ""+5s"": {""pred_xy"": [-1445.6597474075197, -1559.3762576823701], ""pred_energy"": 56.57849194615319, ""pred_resting"": false, ""dist_to_ref"": 2126.402224015449}, ""+10s"": {""pred_xy"": [-1277.4889070990348, -2073.8728830541877], ""pred_energy"": 28.678863905722707, ""pred_resting"": false, ""dist_to_ref"": 2435.7599723348308}}","[-1277.4889070990348, -2073.8728830541877]",1641.0746386942915,0,0,0.150018599932082,402f8aacfc68627d,84ebba7f6d5ecdae,valid
120,300,101,S20_D-15,20.0,-15.0,2,energy_death,20.0,False,200,100,120,0.0,0,1.3,0,15.3,3.4,0,0,0,166,13,0,13,False,False,1.4,13.5,17.0,3.7,3.7,20.0,,,84.35542083453755,False,,280.0,0.0860399257585982,1699.995322547068,1602.188179323964,,,,,"{""+1s"": {""pred_xy"": [-1674.084493709739, -208.88656633546816], ""pred_energy"": 78.78828452882787, ""pred_resting"": false, ""dist_to_ref"": 1687.066237488859}, ""+5s"": {""pred_xy"": [-2078.6875747145514, -48.37340418811891], ""pred_energy"": 56.5266683964414, ""pred_resting"": false, ""dist_to_ref"": 2079.2503503679904}, ""+10s"": {""pred_xy"": [-2572.4689854286707, 187.7869520803397], ""pred_energy"": 28.645066919896163, ""pred_resting"": false, ""dist_to_ref"": 2579.313982508535}}","[-2572.4689854286707, 187.7869520803397]",1610.4366021790395,0,0,0.16539490001741797,a0b343ad5d5c4487,686344efdb006815,valid
120,300,200,S10_D0,10.0,0.0,0,captured,2.2,False,22,100,10.0,2.2,1.3,0.9,0,0,0,0,0,0,22,9,0,0,False,False,not observed before death/horizon,not observed before death/horizon,not observed before death/horizon,not observed before death/horizon,not observed before death/horizon,2.2,,,200.0,False,,11.0,0.0,330.0,210.0,143.89999999999975,200.0,"[-210.0, 0.0]",286.7999999999995,"{""+1s"": {""pred_xy"": [-319.79050629054746, -3.375178579291969], ""pred_energy"": 194.41896816549297, ""pred_resting"": false, ""dist_to_ref"": 319.8083171901675}, ""+5s"": {""pred_xy"": [-753.415309092069, -60.78903433386495], ""pred_energy"": 172.09134028051253, ""pred_resting"": false, ""dist_to_ref"": 755.8637011191513}, ""+10s"": {""pred_xy"": [-1296.9681971583577, 3.6979823398924054], ""pred_energy"": 144.18574528160113, ""pred_resting"": false, ""dist_to_ref"": 1296.9734690862365}}","[-1296.9681971583577, 3.6979823398924054]",221.0,0,0,0.04779390001203865,22c73cc5d73bbcf1,89fa2bc41f4a8ff2,valid
120,300,200,S10_D0,10.0,0.0,1,captured,2.2,False,22,100,10.0,2.2,1.3,0.9,0,0,0,0,0,0,22,9,0,0,False,False,not observed before death/horizon,not observed before death/horizon,not observed before death/horizon,not observed before death/horizon,not observed before death/horizon,2.2,,,200.0,False,,11.0,0.0,330.0,210.0,143.89999999999975,200.0,"[-210.0, 0.0]",286.7999999999995,"{""+1s"": {""pred_xy"": [-317.1025987361145, -22.517504840056063], ""pred_energy"": 194.43500562266468, ""pred_resting"": false, ""dist_to_ref"": 317.9010791888244}, ""+5s"": {""pred_xy"": [-731.2296510670667, -163.557119660235], ""pred_energy"": 172.10548530112587, ""pred_resting"": false, ""dist_to_ref"": 749.2981609421022}, ""+10s"": {""pred_xy"": [-1248.1333985728352, -345.9109993610582], ""pred_energy"": 144.15977788825037, ""pred_resting"": false, ""dist_to_ref"": 1295.1800647446446}}","[-1248.1333985728352, -345.9109993610582]",221.0,0,0,0.0361278000054881,22c73cc5d73bbcf1,588f8c0a2e636999,valid
120,300,200,S10_D0,10.0,0.0,2,captured,2.2,False,22,100,10.0,2.2,1.3,0.9,0,0,0,0,0,0,22,9,0,0,False,False,not observed before death/horizon,not observed before death/horizon,not observed before death/horizon,not observed before death/horizon,not observed before death/horizon,2.2,,,200.0,False,,11.0,0.0,330.0,210.0,143.89999999999975,200.0,"[-210.0, 0.0]",286.7999999999995,"{""+1s"": {""pred_xy"": [-319.03917010861187, -12.505178136800168], ""pred_energy"": 194.44729769069414, ""pred_resting"": false, ""dist_to_ref"": 319.2841548586852}, ""+5s"": {""pred_xy"": [-739.6425858206094, -21.492967710721132], ""pred_energy"": 172.08410962276412, ""pred_resting"": false, ""dist_to_ref"": 739.9547975521286}, ""+10s"": {""pred_xy"": [-1256.610959750201, 149.2018334041768], ""pred_energy"": 144.15800151876172, ""pred_resting"": false, ""dist_to_ref"": 1265.4375888424877}}","[-1256.610959750201, 149.2018334041768]",221.0,0,0,0.03988150006625801,22c73cc5d73bbcf1,ce75db71808e5058,valid
120,300,200,S10_D+15,10.0,15.0,0,captured,3.1,False,31,100,11.504004399844865,3.1,1.1,2.0,0,0,0,0,0,0,31,20,0,31,False,False,not observed before death/horizon,not observed before death/horizon,not observed before death/horizon,not observed before death/horizon,not observed before death/horizon,3.1,,,200.0,False,,15.5,0.3471901954343366,418.5862249294105,298.589687654256,120.61524372128711,200.0,"[-298.5862249294105, 1.4380041271288064]",281.05280980456496,"{""+1s"": {""pred_xy"": [-408.38502488760787, -0.7629713720916698], ""pred_energy"": 194.43602773729242, ""pred_resting"": false, ""dist_to_ref"": 408.3857376032698}, ""+5s"": {""pred_xy"": [-845.2561680847139, -10.016951106599663], ""pred_energy"": 172.10733454705985, ""pred_resting"": false, ""dist_to_ref"": 845.3155203796545}, ""+10s"": {""pred_xy"": [-1378.7020335863344, 115.41976428380258], ""pred_energy"": 144.18951959980032, ""pred_resting"": false, ""dist_to_ref"": 1383.5248531928953}}","[-1378.7020335863344, 115.41976428380258]",309.58965897066724,0,0,0.05692440003622323,c721d7370f8fe8bc,fdcc23911d4616f7,valid
120,300,200,S10_D+15,10.0,15.0,1,captured,3.1,False,31,100,11.504004399844865,3.1,1.1,2.0,0,0,0,0,0,0,31,20,0,31,False,False,not observed before death/horizon,not observed before death/horizon,not observed before death/horizon,not observed before death/horizon,not observed before death/horizon,3.1,,,200.0,False,,15.5,0.3471901954343366,418.5862249294105,298.589687654256,120.61524372128711,200.0,"[-298.5862249294105, 1.4380041271288064]",281.05280980456496,"{""+1s"": {""pred_xy"": [-407.35826851258116, -9.554088255240458], ""pred_energy"": 194.41266615450715, ""pred_resting"": false, ""dist_to_ref"": 407.4702928164912}, ""+5s"": {""pred_xy"": [-845.5471943202019, -9.498205135846547], ""pred_energy"": 172.1041519512804, ""pred_resting"": false, ""dist_to_ref"": 845.6005402810289}, ""+10s"": {""pred_xy"": [-1392.9916327792607, -45.92044869216261], ""pred_energy"": 144.15268752484278, ""pred_resting"": false, ""dist_to_ref"": 1393.7483189590293}}","[-1392.9916327792607, -45.92044869216261]",309.58965897066724,0,0,0.048268300015479326,c721d7370f8fe8bc,84761a6808ad2dad,valid
120,300,200,S10_D+15,10.0,15.0,2,captured,3.1,False,31,100,11.504004399844865,3.1,1.1,2.0,0,0,0,0,0,0,31,20,0,31,False,False,not observed before death/horizon,not observed before death/horizon,not observed before death/horizon,not observed before death/horizon,not observed before death/horizon,3.1,,,200.0,False,,15.5,0.3471901954343366,418.5862249294105,298.589687654256,120.61524372128711,200.0,"[-298.5862249294105, 1.4380041271288064]",281.05280980456496,"{""+1s"": {""pred_xy"": [-407.9532099432854, -7.736908138149374], ""pred_energy"": 194.41449394355172, ""pred_resting"": false, ""dist_to_ref"": 408.0265692949032}, ""+5s"": {""pred_xy"": [-821.3611482118304, 77.16449819257105], ""pred_energy"": 172.05122893581841, ""pred_resting"": false, ""dist_to_ref"": 824.9778758082956}, ""+10s"": {""pred_xy"": [-1299.6007949440918, 338.645976093625], ""pred_energy"": 144.13955580674616, ""pred_resting"": false, ""dist_to_ref"": 1342.9978865745543}}","[-1299.6007949440918, 338.645976093625]",309.58965897066724,0,0,0.04047010000795126,c721d7370f8fe8bc,671aace7c60ae8d7,valid
120,300,200,S10_D-15,10.0,-15.0,0,captured,3.1,False,31,100,11.504004399844865,3.1,1.1,2.0,0,0,0,0,0,0,31,20,0,31,False,False,not observed before death/horizon,not observed before death/horizon,not observed before death/horizon,not observed before death/horizon,not observed before death/horizon,3.1,,,200.0,False,,15.5,0.3471901954343366,418.5862249294105,298.589687654256,120.61524372128711,200.0,"[-298.5862249294105, -1.4380041271288064]",281.05280980456496,"{""+1s"": {""pred_xy"": [-408.3423908772829, -5.2069299464465075], ""pred_energy"": 194.43602773729242, ""pred_resting"": false, ""dist_to_ref"": 408.3755873051705}, ""+5s"": {""pred_xy"": [-845.0368069526194, -20.699472277951827], ""pred_energy"": 172.10733454705985, ""pred_resting"": false, ""dist_to_ref"": 845.2902893428176}, ""+10s"": {""pred_xy"": [-1380.2197823205352, 97.10563739498684], ""pred_energy"": 144.18951959980032, ""pred_resting"": false, ""dist_to_ref"": 1383.6315088645647}}","[-1380.2197823205352, 97.10563739498684]",309.58965897066724,0,0,0.039522500010207295,66c00f67da307a67,a34baefb7dda7ea4,valid
120,300,200,S10_D-15,10.0,-15.0,1,captured,3.1,False,31,100,11.504004399844865,3.1,1.1,2.0,0,0,0,0,0,0,31,20,0,31,False,False,not observed before death/horizon,not observed before death/horizon,not observed before death/horizon,not observed before death/horizon,not observed before death/horizon,3.1,,,200.0,False,,15.5,0.3471901954343366,418.5862249294105,298.589687654256,120.61524372128711,200.0,"[-298.5862249294105, -1.4380041271288064]",281.05280980456496,"{""+1s"": {""pred_xy"": [-407.19018222668274, -13.982485765443016], ""pred_energy"": 194.41266615450715, ""pred_resting"": false, ""dist_to_ref"": 407.43018347930473}, ""+5s"": {""pred_xy"": [-845.335212368308, -20.18493572938769], ""pred_energy"": 172.1041519512804, ""pred_resting"": false, ""dist_to_ref"": 845.5761662323341}, ""+10s"": {""pred_xy"": [-1392.2036214407044, -64.42220716490829], ""pred_energy"": 144.15268752484278, ""pred_resting"": false, ""dist_to_ref"": 1393.6933465897764}}","[-1392.2036214407044, -64.42220716490829]",309.58965897066724,0,0,0.0484869999345392,66c00f67da307a67,5d87e63fe77fb7b2,valid
120,300,200,S10_D-15,10.0,-15.0,2,captured,3.1,False,31,100,11.504004399844865,3.1,1.1,2.0,0,0,0,0,0,0,31,20,0,31,False,False,not observed before death/horizon,not observed before death/horizon,not observed before death/horizon,not observed before death/horizon,not observed before death/horizon,3.1,,,200.0,False,,15.5,0.3471901954343366,418.5862249294105,298.589687654256,120.61524372128711,200.0,"[-298.5862249294105, -1.4380041271288064]",281.05280980456496,"{""+1s"": {""pred_xy"": [-407.81101641100304, -12.17398810177201], ""pred_energy"": 194.41449394355172, ""pred_resting"": false, ""dist_to_ref"": 407.99268509677654}, ""+5s"": {""pred_xy"": [-822.389372261825, 66.81435964909633], ""pred_energy"": 172.05122893581841, ""pred_resting"": false, ""dist_to_ref"": 825.0990475479398}, ""+10s"": {""pred_xy"": [-1304.314786136225, 321.43882519375984], ""pred_energy"": 144.13955580674616, ""pred_resting"": false, ""dist_to_ref"": 1343.3391156649652}}","[-1304.314786136225, 321.43882519375984]",309.58965897066724,0,0,0.046222300035879016,66c00f67da307a67,7649f3987d1c6cbf,valid
120,300,200,S15_D0,15.0,0.0,0,energy_death,23.0,False,230,100,58.0,13.5,2.1,11.4,0,6.1,3.4,0,0,0,196,114,0,0,False,False,17.0,13.5,17.0,6.6,6.6,23.0,,,67.62570311264992,False,,277.5,0.0,2399.9856351826593,2279.9982978767866,,,,,"{""+1s"": {""pred_xy"": [-2383.510163726318, 29.134202802028994], ""pred_energy"": 62.04066088638735, ""pred_resting"": false, ""dist_to_ref"": 2383.6882141671904}, ""+5s"": {""pred_xy"": [-2775.014675557417, 228.4315121335294], ""pred_energy"": 39.7129870832533, ""pred_resting"": false, ""dist_to_ref"": 2784.400726421153}, ""+10s"": {""pred_xy"": [-3170.239705841279, 605.5585700749252], ""pred_energy"": 11.794130424574027, ""pred_resting"": false, ""dist_to_ref"": 3227.556502105546}}","[-3170.239705841279, 605.5585700749252]",2290.3219823411805,0,0,0.18837509991135448,13eaa877aa738c6d,1350d9b753519cc9,valid
120,300,200,S15_D0,15.0,0.0,1,energy_death,23.0,False,230,100,58.0,13.5,2.1,11.4,0,6.1,3.4,0,0,0,196,114,0,0,False,False,17.0,13.5,17.0,6.6,6.6,23.0,,,67.72199645329137,False,,277.5,0.0,2367.549919663559,2256.972162731281,,,,,"{""+1s"": {""pred_xy"": [-2338.975754810216, -266.40117428261965], ""pred_energy"": 62.156994698212856, ""pred_resting"": false, ""dist_to_ref"": 2354.097951923237}, ""+5s"": {""pred_xy"": [-2640.3066405410773, -584.7489760910366], ""pred_energy"": 39.82291090888751, ""pred_resting"": false, ""dist_to_ref"": 2704.2837353215778}, ""+10s"": {""pred_xy"": [-3159.148331319573, -743.512405593623], ""pred_energy"": 11.917111656741591, ""pred_resting"": false, ""dist_to_ref"": 3245.4628139220545}}","[-3159.148331319573, -743.512405593623]",2266.8423338078237,0,0,0.22764389996882528,06606b6c8cb48757,0768290fabf07b20,valid
120,300,200,S15_D0,15.0,0.0,2,energy_death,23.0,False,230,100,58.0,13.5,2.1,11.4,0,6.1,3.4,0,0,0,196,114,0,0,False,False,17.0,13.5,17.0,6.6,6.6,23.0,,,67.72084574937428,False,,277.5,0.0,2405.746610213765,2285.747734670452,,,,,"{""+1s"": {""pred_xy"": [-2393.106194093177, 18.75237186442064], ""pred_energy"": 62.13499430890856, ""pred_resting"": false, ""dist_to_ref"": 2393.1796647259207}, ""+5s"": {""pred_xy"": [-2824.2279095780423, 87.15006994749456], ""pred_energy"": 39.82678636385721, ""pred_resting"": false, ""dist_to_ref"": 2825.572228758524}, ""+10s"": {""pred_xy"": [-3324.770581094631, 303.7066922128106], ""pred_energy"": 11.932648484450866, ""pred_resting"": false, ""dist_to_ref"": 3338.6130611089357}}","[-3324.770581094631, 303.7066922128106]",2296.743709822129,0,0,0.19068940007127821,97ab60c8bde03431,656aac99c4c586ed,valid
120,300,200,S15_D+15,15.0,15.0,0,energy_death,22.9,False,229,100,120,0.0,0,13.5,0,6.0,3.4,0,0,0,195,135,0,135,False,False,17.0,13.5,17.0,6.6,6.6,22.9,,,68.03513910491031,False,,277.0,0.2188933294036488,2095.500279112978,2016.6111934670187,,,,,"{""+1s"": {""pred_xy"": [-2005.579369219513, 510.7509273343512], ""pred_energy"": 62.446867465874135, ""pred_resting"": false, ""dist_to_ref"": 2069.592983176122}, ""+5s"": {""pred_xy"": [-2070.7974251962914, 945.1941558341659], ""pred_energy"": 40.116507014340186, ""pred_resting"": false, ""dist_to_ref"": 2276.3114831724265}, ""+10s"": {""pred_xy"": [-1997.7919597515393, 1486.0154878785233], ""pred_energy"": 12.1906414836778, ""pred_resting"": false, ""dist_to_ref"": 2489.8623947244037}}","[-1997.7919597515393, 1486.0154878785233]",2020.7198127592235,0,0,0.1704750000499189,ddb4f3d47008af4f,a170e3d6dceb6904,valid
120,300,200,S15_D+15,15.0,15.0,1,energy_death,22.9,False,229,100,120,0.0,0,13.5,0,6.0,3.4,0,0,0,195,135,0,135,False,False,17.0,13.5,17.0,6.6,6.6,22.9,,,68.13231883113744,False,,277.0,0.2188933294036488,2230.454924540534,2127.532025524144,,,,,"{""+1s"": {""pred_xy"": [-2211.6425361842303, 311.2164853654958], ""pred_energy"": 62.5628368619138, ""pred_resting"": false, ""dist_to_ref"": 2233.431979851338}, ""+5s"": {""pred_xy"": [-2645.8945722739636, 371.2281492891834], ""pred_energy"": 40.225961254931995, ""pred_resting"": false, ""dist_to_ref"": 2671.8099532739025}, ""+10s"": {""pred_xy"": [-3077.493976799583, 698.8421258309063], ""pred_energy"": 12.314761259894189, ""pred_resting"": false, ""dist_to_ref"": 3155.843705583908}}","[-3077.493976799583, 698.8421258309063]",2137.7837656886054,0,0,0.16849299997556955,4a85864fdf99b648,ea4d39e580f0dbce,valid
120,300,200,S15_D+15,15.0,15.0,2,energy_death,22.9,False,229,100,120,0.0,0,13.5,0,6.0,3.4,0,0,0,195,135,0,135,False,False,17.0,13.5,17.0,6.6,6.6,22.9,,,68.12911965522937,False,,277.0,0.2188933294036488,2089.098892881304,2012.4692309149127,,,,,"{""+1s"": {""pred_xy"": [-2017.144190920233, 513.3198289378633], ""pred_energy"": 62.54228467058875, ""pred_resting"": false, ""dist_to_ref"": 2081.434105068916}, ""+5s"": {""pred_xy"": [-2212.7450589083674, 903.634561752222], ""pred_energy"": 40.23273039666582, ""pred_resting"": false, ""dist_to_ref"": 2390.1456267174444}, ""+10s"": {""pred_xy"": [-2328.7282721947076, 1436.4416818284062], ""pred_energy"": 12.3299199293192, ""pred_resting"": false, ""dist_to_ref"": 2736.1177005043055}}","[-2328.7282721947076, 1436.4416818284062]",2021.365643559313,0,0,0.20062110002618283,f6ced6ae498a0d70,ab794314adab7e9c,valid
120,300,200,S15_D-15,15.0,-15.0,0,energy_death,22.9,False,229,100,120,0.0,0,13.5,0,6.0,3.4,0,0,0,195,135,0,135,False,False,17.0,13.5,17.0,6.6,6.6,22.9,,,68.03513910491031,False,,277.0,0.2188933294036488,2075.472602444137,1999.9442265516825,,,,,"{""+1s"": {""pred_xy"": [-2045.5874623440732, -482.19982601748325], ""pred_energy"": 62.446867465874135, ""pred_resting"": false, ""dist_to_ref"": 2101.6528586592403}, ""+5s"": {""pred_xy"": [-2435.2201876271847, -685.1299938171132], ""pred_energy"": 40.116507014340186, ""pred_resting"": false, ""dist_to_ref"": 2529.7629277572273}, ""+10s"": {""pred_xy"": [-2970.3932515954048, -791.9349692719343], ""pred_energy"": 12.1906414836778, ""pred_resting"": false, ""dist_to_ref"": 3074.1498116844045}}","[-2970.3932515954048, -791.9349692719343]",2010.4623900794716,0,0,0.22714640002232045,aaeee4501e44b5fc,267bd5c11f9fc80c,valid
120,300,200,S15_D-15,15.0,-15.0,1,energy_death,22.9,False,229,100,120,0.0,0,13.5,0,6.0,3.4,0,0,0,195,135,0,135,False,False,17.0,13.5,17.0,6.6,6.6,22.9,,,68.13231883113744,False,,277.0,0.2188933294036488,1902.8928431951117,1852.4295432473084,,,,,"{""+1s"": {""pred_xy"": [-1789.8948993830782, -612.1895777588825], ""pred_energy"": 62.5628368619138, ""pred_resting"": false, ""dist_to_ref"": 1891.6923190503678}, ""+5s"": {""pred_xy"": [-1705.4522869430639, -1042.358934941928], ""pred_energy"": 40.225961254931995, ""pred_resting"": false, ""dist_to_ref"": 1998.7695345618506}, ""+10s"": {""pred_xy"": [-1874.9343562891845, -1557.028529713676], ""pred_energy"": 12.314761259894189, ""pred_resting"": false, ""dist_to_ref"": 2437.153397456933}}","[-1874.9343562891845, -1557.028529713676]",1857.1653103209028,0,0,0.18518720008432865,b114f6927bdf40aa,c69fcb3b5ac22173,valid
120,300,200,S15_D-15,15.0,-15.0,2,energy_death,22.9,False,229,100,120,0.0,0,13.5,0,6.0,3.4,0,0,0,195,135,0,135,False,False,17.0,13.5,17.0,6.6,6.6,22.9,,,68.12911965522937,False,,277.0,0.2188933294036488,2087.420763801041,2011.0751231834438,,,,,"{""+1s"": {""pred_xy"": [-2044.2565745121456, -493.97153337015243], ""pred_energy"": 62.54228467058875, ""pred_resting"": false, ""dist_to_ref"": 2103.0912529455754}, ""+5s"": {""pred_xy"": [-2349.765593837382, -805.8521664985819], ""pred_energy"": 40.23273039666582, ""pred_resting"": false, ""dist_to_ref"": 2484.1087053976526}, ""+10s"": {""pred_xy"": [-2815.911747862234, -1088.77140595738], ""pred_energy"": 12.3299199293192, ""pred_resting"": false, ""dist_to_ref"": 3019.069748478652}}","[-2815.911747862234, -1088.77140595738]",2018.3115681216645,0,0,0.19262880005408078,39d4af133214c54e,75f45354108b7c7f,valid
120,300,200,S20_D0,20.0,0.0,0,energy_death,20.1,False,201,100,120,0.0,0,4.3,0,15.8,0,0,0,0,201,43,0,21,False,False,2.3,not observed before death/horizon,not observed before death/horizon,3.7,3.7,20.1,,,27.95656927698935,False,,280.5,0.0,2277.45095880436,2160.019217810268,,,,,"{""+1s"": {""pred_xy"": [-2246.908358737759, 41.6163798841535], ""pred_energy"": 22.37316293534738, ""pred_resting"": false, ""dist_to_ref"": 2247.293727050443}, ""+5s"": {""pred_xy"": [-2614.53411444433, -194.04218780136034], ""pred_energy"": 0.06816309591450385, ""pred_resting"": false, ""dist_to_ref"": 2621.7248151245653}, ""+10s"": {""pred_xy"": [-2778.8895694492303, -256.5756705761869], ""pred_energy"": 93.16218014043174, ""pred_resting"": false, ""dist_to_ref"": 2790.7092850967742}}","[-2778.8895694492303, -256.5756705761869]",2168.8496701847153,1,1,0.1371553000062704,d560b753a9a9efc3,b06e377e50ebdaf1,valid
120,300,200,S20_D0,20.0,0.0,1,energy_death,20.1,False,201,100,120,0.0,0,2.2,0,17.9,0,0,0,0,201,22,0,0,False,False,2.3,not observed before death/horizon,not observed before death/horizon,3.7,3.7,20.1,,,43.99953169651992,False,,280.5,0.0,2022.2428551164412,2097.339201570897,,,,,"{""+1s"": {""pred_xy"": [-1953.5270108668947, -980.5292739469987], ""pred_energy"": 38.420995065301234, ""pred_resting"": false, ""dist_to_ref"": 2185.796294089084}, ""+5s"": {""pred_xy"": [-2233.8426890009414, -1306.5078048246733], ""pred_energy"": 16.05887053976782, ""pred_resting"": false, ""dist_to_ref"": 2587.859309017927}, ""+10s"": {""pred_xy"": [-2515.02930950072, -1450.6974120051982], ""pred_energy"": 62.890411335654946, ""pred_resting"": true, ""dist_to_ref"": 2903.4282165822956}}","[-2515.02930950072, -1450.6974120051982]",2105.91923426908,0,1,0.1620336000341922,17c0f56c6b69676b,18345ccdc6cfff70,valid
120,300,200,S20_D0,20.0,0.0,2,energy_death,20.1,False,201,100,120,0.0,0,2.2,0,17.9,0,0,0,0,201,22,0,0,False,False,2.3,not observed before death/horizon,not observed before death/horizon,3.7,3.7,20.1,,,43.98309372293276,False,,280.5,0.0,2095.3718922708367,2070.848752210502,,,,,"{""+1s"": {""pred_xy"": [-2059.1421275639314, 692.7276822482818], ""pred_energy"": 38.406797896662695, ""pred_resting"": false, ""dist_to_ref"": 2172.541816228537}, ""+5s"": {""pred_xy"": [-2376.578799662673, 984.651462744725], ""pred_energy"": 16.082325057079334, ""pred_resting"": false, ""dist_to_ref"": 2572.4823214341823}, ""+10s"": {""pred_xy"": [-2562.720089938408, 1240.865350817694], ""pred_energy"": 62.9100632904014, ""pred_resting"": true, ""dist_to_ref"": 2847.3287618808336}}","[-2562.720089938408, 1240.865350817694]",2080.8613839929662,0,1,0.15521829994395375,bc428d0a616b4832,0f3a6b8b1ff8f28a,valid
120,300,200,S20_D+15,20.0,15.0,0,energy_death,20.0,False,200,100,120,0.0,0,1.3,0,18.7,0,0,0,0,200,13,0,13,False,False,1.4,not observed before death/horizon,not observed before death/horizon,3.7,3.7,20.0,,,62.31652969478957,False,,280.0,0.0860399257585982,1910.0534907612537,2003.1222010648787,,,,,"{""+1s"": {""pred_xy"": [-1847.926071612058, 992.3785403535785], ""pred_energy"": 56.73686037316541, ""pred_resting"": false, ""dist_to_ref"": 2097.5332973514082}, ""+5s"": {""pred_xy"": [-2046.913554627461, 1380.4619138481758], ""pred_energy"": 34.41568578478681, ""pred_resting"": false, ""dist_to_ref"": 2468.912755790086}, ""+10s"": {""pred_xy"": [-2183.837443356785, 1910.8553955301377], ""pred_energy"": 6.4851400439267275, ""pred_resting"": false, ""dist_to_ref"": 2901.8122478261303}}","[-2183.837443356785, 1910.8553955301377]",2011.9933169575993,0,0,0.19598750001750886,0b14c5b50ccce62e,ac1a5911e325b5b9,valid
120,300,200,S20_D+15,20.0,15.0,1,energy_death,20.0,False,200,100,120,0.0,0,1.3,0,18.7,0,0,0,0,200,13,0,13,False,False,1.4,not observed before death/horizon,not observed before death/horizon,3.7,3.7,20.0,,,62.42561137936401,False,,280.0,0.0860399257585982,2151.2294478234817,2034.190487041676,,,,,"{""+1s"": {""pred_xy"": [-2119.3844244592374, -175.12593539499358], ""pred_energy"": 56.85664170704772, ""pred_resting"": false, ""dist_to_ref"": 2126.6074936123932}, ""+5s"": {""pred_xy"": [-2521.9292768269697, -325.0040778805078], ""pred_energy"": 34.47569140735148, ""pred_resting"": false, ""dist_to_ref"": 2542.784876460445}, ""+10s"": {""pred_xy"": [-3044.9720881052153, -425.46456386613136], ""pred_energy"": 6.618088501714094, ""pred_resting"": false, ""dist_to_ref"": 3074.5528312985016}}","[-3044.9720881052153, -425.46456386613136]",2043.8531740668438,0,0,0.14118180004879832,9df0655a27bdf879,f9c41d859a11d64f,valid
120,300,200,S20_D+15,20.0,15.0,2,energy_death,20.0,False,200,100,120,0.0,0,1.3,0,18.7,0,0,0,0,200,13,0,13,False,False,1.4,not observed before death/horizon,not observed before death/horizon,3.7,3.7,20.0,,,62.40112705688544,False,,280.0,0.0860399257585982,1719.6930582596287,1936.3102220865285,,,,,"{""+1s"": {""pred_xy"": [-1658.876842438969, 1183.5984412442103], ""pred_energy"": 56.81980557735048, ""pred_resting"": false, ""dist_to_ref"": 2037.8365117192322}, ""+5s"": {""pred_xy"": [-1858.011328880185, 1563.9674051125403], ""pred_energy"": 34.49310157097326, ""pred_resting"": false, ""dist_to_ref"": 2428.621037235238}, ""+10s"": {""pred_xy"": [-2110.474578162006, 2031.7252892717897], ""pred_energy"": 6.631075331261836, ""pred_resting"": false, ""dist_to_ref"": 2929.5068861729333}}","[-2110.474578162006, 2031.7252892717897]",1946.3375892785618,0,0,0.18635989993344992,a4da042eb2a84010,ecb0f4c7435de889,valid
120,300,200,S20_D-15,20.0,-15.0,0,energy_death,20.0,False,200,100,120,0.0,0,1.3,0,18.7,0,0,0,0,200,13,0,13,False,False,1.4,not observed before death/horizon,not observed before death/horizon,3.7,3.7,20.0,,,62.31652969478957,False,,280.0,0.0860399257585982,2054.444259517446,2021.7768799133598,,,,,"{""+1s"": {""pred_xy"": [-2043.1125615362225, -571.693947100468], ""pred_energy"": 56.73686037316541, ""pred_resting"": false, ""dist_to_ref"": 2121.5897125171064}, ""+5s"": {""pred_xy"": [-2467.932860546992, -473.04083398104467], ""pred_energy"": 34.41568578478681, ""pred_resting"": false, ""dist_to_ref"": 2512.8589763019213}, ""+10s"": {""pred_xy"": [-2961.3412557700476, -235.10480846394603], ""pred_energy"": 6.4851400439267275, ""pred_resting"": false, ""dist_to_ref"": 2970.659237288685}}","[-2961.3412557700476, -235.10480846394603]",2031.2982078615546,0,0,0.14174980006646365,02fa67043aab282b,2f225de18d907460,valid
120,300,200,S20_D-15,20.0,-15.0,1,energy_death,20.0,False,200,100,120,0.0,0,1.3,0,18.7,0,0,0,0,200,13,0,13,False,False,1.4,not observed before death/horizon,not observed before death/horizon,3.7,3.7,20.0,,,62.42561137936401,False,,280.0,0.0860399257585982,1439.9465325505644,1941.1501285652614,,,,,"{""+1s"": {""pred_xy"": [-1326.9259727911685, -1532.8563206488725], ""pred_energy"": 56.85664170704772, ""pred_resting"": false, ""dist_to_ref"": 2027.407466944173}, ""+5s"": {""pred_xy"": [-1472.4157015471465, -1937.007968658847], ""pred_energy"": 34.47569140735148, ""pred_resting"": false, ""dist_to_ref"": 2433.1066291493366}, ""+10s"": {""pred_xy"": [-1733.4476560258945, -2401.258343365558], ""pred_energy"": 6.618088501714094, ""pred_resting"": false, ""dist_to_ref"": 2961.567559209881}}","[-1733.4476560258945, -2401.258343365558]",1950.2432896994876,0,0,0.15400860004592687,12bba8df43f0db66,461611ce6517113c,valid
120,300,200,S20_D-15,20.0,-15.0,2,energy_death,20.0,False,200,100,120,0.0,0,1.3,0,18.7,0,0,0,0,200,13,0,13,False,False,1.4,not observed before death/horizon,not observed before death/horizon,3.7,3.7,20.0,,,62.40112705688544,False,,280.0,0.0860399257585982,2078.126810395155,1983.855545967821,,,,,"{""+1s"": {""pred_xy"": [-2067.049256711086, -303.86621109902535], ""pred_energy"": 56.81980557735048, ""pred_resting"": false, ""dist_to_ref"": 2089.264775924184}, ""+5s"": {""pred_xy"": [-2486.073973674879, -210.30671699027062], ""pred_energy"": 34.49310157097326, ""pred_resting"": false, ""dist_to_ref"": 2494.9534500256373}, ""+10s"": {""pred_xy"": [-3006.2620106101194, -101.0385301263259], ""pred_energy"": 6.631075331261836, ""pred_resting"": false, ""dist_to_ref"": 3007.9594513569637}}","[-3006.2620106101194, -101.0385301263259]",1994.314495030998,0,0,0.16036750003695488,16cb10b8605ac8e9,c3d6fd152358e14d,valid
